1;Vos DT;VOSTRO DESKTOPS;BLACK BULLET ST;VOSTRO DESKTOPS;VOSTRO 201
2;Inspiron NTB;INSPIRON NOTEBOOKS;NOTEBOOK;INSPIRON NOTEBOOKS;INSPIRON 7375
3;Inspiron NTB;INSPIRON NOTEBOOKS;NONE;INSPIRON NOTEBOOKS;INSPIRON 3482
4;Inspiron NTB;INSPIRON NOTEBOOKS;MT;INSPIRON NOTEBOOKS;INSPIRON 14-3467
5;Inspiron DT;INSPIRON DESKTOPS;MT;INSPIRON DESKTOPS;INSPIRON ONE 19
6;Inspiron NTB;INSPIRON NOTEBOOKS;NOTEBOOK;INSPIRON NOTEBOOKS;INSPIRON N7010
7;Inspiron NTB;INSPIRON NOTEBOOKS;NOTEBOOK;INSPIRON NOTEBOOKS;INSPIRON MINI 10
8;Inspiron NTB;INSPIRON NOTEBOOKS;NOTEBOOK;INSPIRON NOTEBOOKS;INSPIRON 15-5551
9;Inspiron DT;INSPIRON DESKTOPS;MT;INSPIRON DESKTOPS;INSPIRON 22-3280
10;Vos NB;VOSTRO NOTEBOOKS;NOTEBOOK;VOSTRO NOTEBOOKS;VOSTRO 1310
11;Inspiron DT;INSPIRON DESKTOPS;MAN L;INSPIRON DESKTOPS;DIMENSION
12;Inspiron NTB;INSPIRON NOTEBOOKS;NOTEBOOK;INSPIRON NOTEBOOKS;STUDIO 1435
13;Inspiron NTB;INSPIRON NOTEBOOKS;MT;INSPIRON NOTEBOOKS;INSPIRON 7590 2N1
14;XPS DT;XPS DESKTOPS;MDT ORYX;XPS DESKTOPS;DIMENSION XPS
15;Inspiron NTB;INSPIRON NOTEBOOKS;NOTEBOOK;INSPIRON NOTEBOOKS;INSPIRON 7573
16;Inspiron NTB;INSPIRON NOTEBOOKS;NOTEBOOK;INSPIRON NOTEBOOKS;DELL G7 7590
17;Inspiron NTB;INSPIRON NOTEBOOKS;NONE;INSPIRON NOTEBOOKS;INSPIRON 3581
18;Inspiron DT;INSPIRON DESKTOPS;MT;INSPIRON DESKTOPS;INSPIRON 3662
19;Inspiron NTB;INSPIRON NOTEBOOKS;NONE;INSPIRON NOTEBOOKS;INSPIRON 7391 2N1
20;Vos NB;VOSTRO NOTEBOOKS;NOTEBOOK;VOSTRO NOTEBOOKS;VOSTRO 1440
21;Vos DT;VOSTRO DESKTOPS;MT;VOSTRO DESKTOPS;VOSTRO 3910
22;Inspiron NTB;INSPIRON NOTEBOOKS;NOTEBOOK;INSPIRON NOTEBOOKS;INSPIRON 600M
23;Vos NB;VOSTRO NOTEBOOKS;NOTEBOOK;VOSTRO NOTEBOOKS;VOSTRO A90
24;Inspiron NTB;INSPIRON NOTEBOOKS;NOTEBOOK;INSPIRON NOTEBOOKS;INSPIRON 7000
25;Vos NB;VOSTRO NOTEBOOKS;NOTEBOOK;VOSTRO NOTEBOOKS;VOSTRO 5390
26;Inspiron NTB;INSPIRON NOTEBOOKS;NOTEBOOK;INSPIRON NOTEBOOKS;STUDIO 1745
27;Inspiron NTB;INSPIRON NOTEBOOKS;NOTEBOOK;INSPIRON NOTEBOOKS;INSPIRON 5749
28;Inspiron NTB;INSPIRON NOTEBOOKS;NONE;INSPIRON NOTEBOOKS;INSPIRON 7500
29;Inspiron DT;INSPIRON DESKTOPS;MT;INSPIRON DESKTOPS;INSPIRON 24-3480
30;Inspiron DT;INSPIRON DESKTOPS;DAVINCI MG;INSPIRON DESKTOPS;DIMENSION 2200
31;Vos DT;VOSTRO DESKTOPS;MT;VOSTRO DESKTOPS;VOSTRO 470
32;Vos DT;VOSTRO DESKTOPS;MT;VOSTRO DESKTOPS;CHENGMING 3991
33;Inspiron NTB;INSPIRON NOTEBOOKS;NOTEBOOK;INSPIRON NOTEBOOKS;INSPIRON X200
34;Vos NB;VOSTRO NOTEBOOKS;MT;VOSTRO NOTEBOOKS;VOSTRO 15-3568
35;Vos NB;VOSTRO NOTEBOOKS;NONE;VOSTRO NOTEBOOKS;VOSTRO 5310
36;XPS NB;XPS NOTEBOOKS;MT;XPS NOTEBOOKS;XPS 13 9370
37;Inspiron DT;INSPIRON DESKTOPS;MT;INSPIRON DESKTOPS;INSPIRON 22-3265
38;Inspiron NTB;INSPIRON NOTEBOOKS;NOTEBOOK;INSPIRON NOTEBOOKS;INSPIRON N5030
39;Inspiron DT;INSPIRON DESKTOPS;KLINGER MT;INSPIRON DESKTOPS;DIMENSION XPS Z
40;Vos NB;VOSTRO NOTEBOOKS;NONE;VOSTRO NOTEBOOKS;VOSTRO 3584
41;XPS NB;XPS NOTEBOOKS;NOTEBOOK;XPS NOTEBOOKS;XPS M1710
42;XPS DT;XPS DESKTOPS;KLINGER MT;XPS DESKTOPS;DIMENSION XPS
43;Vos NB;VOSTRO NOTEBOOKS;MT;VOSTRO NOTEBOOKS;VOSTRO 5581
44;Vos NB;VOSTRO NOTEBOOKS;MT;VOSTRO NOTEBOOKS;VOSTRO 2521
45;Inspiron NTB;INSPIRON NOTEBOOKS;MT;INSPIRON NOTEBOOKS;INSPIRON 5401
46;Inspiron NTB;INSPIRON NOTEBOOKS;MT;INSPIRON NOTEBOOKS;INSPIRON 7610
47;Vos DT;VOSTRO DESKTOPS;MT;VOSTRO DESKTOPS;VOSTRO 24 5450
48;Vos DT;VOSTRO DESKTOPS;BLACK BULLET LT;VOSTRO DESKTOPS;VOSTRO 410
49;Inspiron DT;INSPIRON DESKTOPS;MT;INSPIRON DESKTOPS;INSPIRON ONE 2205
50;Inspiron NTB;INSPIRON NOTEBOOKS;MT;INSPIRON NOTEBOOKS;INSPIRON 15-3559
51;XPS DT;XPS DESKTOPS;DOZER;XPS DESKTOPS;XPS 720
52;Inspiron DT;INSPIRON DESKTOPS;AXION FS;INSPIRON DESKTOPS;DIMENSION
53;Inspiron NTB;INSPIRON NOTEBOOKS;NOTEBOOK;INSPIRON NOTEBOOKS;INSPIRON 5378
54;Vos DT;VOSTRO DESKTOPS;MT;VOSTRO DESKTOPS;CHENGMING 3980 TOWER
55;Inspiron NTB;INSPIRON NOTEBOOKS;NOTEBOOK;INSPIRON NOTEBOOKS;INSPIRON 5443
56;Inspiron DT;INSPIRON DESKTOPS;JAGUAR;INSPIRON DESKTOPS;DIMENSION 8100
57;Vos DT;VOSTRO DESKTOPS;SUPERIOR MT;VOSTRO DESKTOPS;VOSTRO 3905
58;Inspiron NTB;INSPIRON NOTEBOOKS;NONE;INSPIRON NOTEBOOKS;INSPIRON 3793
59;Inspiron NTB;INSPIRON NOTEBOOKS;NOTEBOOK;INSPIRON NOTEBOOKS;INSPIRON 15-5567
60;Vos DT;VOSTRO DESKTOPS;STONECUTTER MT;VOSTRO DESKTOPS;VOSTRO 220
61;Inspiron NTB;INSPIRON NOTEBOOKS;NOTEBOOK;INSPIRON NOTEBOOKS;INSPIRON 1470
62;Inspiron NTB;INSPIRON NOTEBOOKS;NOTEBOOK;INSPIRON NOTEBOOKS;DELL G15 5510
63;Vos DT;VOSTRO DESKTOPS;BLACK BULLET MT;VOSTRO DESKTOPS;VOSTRO+ 400
64;Vos NB;VOSTRO NOTEBOOKS;NOTEBOOK;VOSTRO NOTEBOOKS;VOSTRO 14-3449
65;Vos NB;VOSTRO NOTEBOOKS;NOTEBOOK;VOSTRO NOTEBOOKS;VOSTRO 5470
66;Inspiron NTB;INSPIRON NOTEBOOKS;NOTEBOOK;INSPIRON NOTEBOOKS;INSPIRON 300M
67;Inspiron DT;INSPIRON DESKTOPS;SMITH MSMT;INSPIRON DESKTOPS;DIMENSION 4750
68;XPS NB;XPS NOTEBOOKS;NONE;XPS NOTEBOOKS;XPS 15 9510
69;Inspiron DT;INSPIRON DESKTOPS;DAVINCI;INSPIRON DESKTOPS;DIMENSION
70;Inspiron NTB;INSPIRON NOTEBOOKS;NOTEBOOK;INSPIRON NOTEBOOKS;INSPIRON 7558
71;Inspiron NTB;INSPIRON NOTEBOOKS;MT;INSPIRON NOTEBOOKS;INSPIRON 7466
72;Inspiron NTB;INSPIRON NOTEBOOKS;MT;INSPIRON NOTEBOOKS;INSPIRON 5593
73;Inspiron DT;INSPIRON DESKTOPS;CHENGLONG;INSPIRON DESKTOPS;DIMENSION 2010
74;Alien DT;ALIENWARE DESKTOPS;MT;ALIENWARE DESKTOPS;ALIENWARE AURORA R11
75;XPS NB;XPS NOTEBOOKS;NOTEBOOK;XPS NOTEBOOKS;XPS M1730
76;Inspiron NTB;INSPIRON NOTEBOOKS;MT;INSPIRON NOTEBOOKS;INSPIRON 5494
77;Inspiron DT;INSPIRON DESKTOPS;CAYENNE II MG/SL;INSPIRON DESKTOPS;DIMENSION 900
78;Inspiron NTB;INSPIRON NOTEBOOKS;MT;INSPIRON NOTEBOOKS;INSPIRON 5583
79;Alien NB;ALIENWARE NOTEBOOKS;MT;ALIENWARE NOTEBOOKS;ALIENWARE M17 R4
80;Vos NB;VOSTRO NOTEBOOKS;NOTEBOOK;VOSTRO NOTEBOOKS;VOSTRO 1088
81;Alien NB;ALIENWARE NOTEBOOKS;NONE;ALIENWARE NOTEBOOKS;ALIENWARE 17 R3
82;Inspiron NTB;INSPIRON NOTEBOOKS;NOTEBOOK;INSPIRON NOTEBOOKS;INSPIRON 3737
83;Inspiron NTB;INSPIRON NOTEBOOKS;NOTEBOOK;INSPIRON NOTEBOOKS;INSPIRON 3520
84;Inspiron DT;INSPIRON DESKTOPS;GENEVA;INSPIRON DESKTOPS;INSPIRON 570
85;Inspiron NTB;INSPIRON NOTEBOOKS;MT;INSPIRON NOTEBOOKS;INSPIRON 7590
86;XPS DT;XPS DESKTOPS;CYPHER SF;XPS DESKTOPS;DIMENSION 9200C/XPS 210
87;Inspiron NTB;INSPIRON NOTEBOOKS;MT;INSPIRON NOTEBOOKS;INSPIRON 5480
88;Inspiron NTB;INSPIRON NOTEBOOKS;NOTEBOOK;INSPIRON NOTEBOOKS;INSPIRON 3169
89;XPS NB;XPS NOTEBOOKS;NOTEBOOK;XPS NOTEBOOKS;XPS M1330
90;Inspiron NTB;INSPIRON NOTEBOOKS;NOTEBOOK;INSPIRON NOTEBOOKS;STUDIO 1569
91;XPS NB;XPS NOTEBOOKS;MT;XPS NOTEBOOKS;XPS 13 7390 2N1
92;Inspiron DT;INSPIRON DESKTOPS;MITAC MG MINI TOWER;INSPIRON DESKTOPS;DIMENSION SMARTPC 400D
93;Vos DT;VOSTRO DESKTOPS;MT;VOSTRO DESKTOPS;VOSTRO 3252
94;Inspiron NTB;INSPIRON NOTEBOOKS;NOTEBOOK;INSPIRON NOTEBOOKS;INSPIRON 1721
95;Inspiron NTB;INSPIRON NOTEBOOKS;MT;INSPIRON NOTEBOOKS;INSPIRON 5598
96;Inspiron NTB;INSPIRON NOTEBOOKS;NOTEBOOK;INSPIRON NOTEBOOKS;INSPIRON M4110
97;XPS DT;XPS DESKTOPS;DOZER;XPS DESKTOPS;XPS 730
98;Inspiron NTB;INSPIRON NOTEBOOKS;NONE;INSPIRON NOTEBOOKS;INSPIRON 5591 2N1
99;Inspiron NTB;INSPIRON NOTEBOOKS;MT;INSPIRON NOTEBOOKS;INSPIRON 14-3459
100;Inspiron DT;INSPIRON DESKTOPS;SMITH MSMT;INSPIRON DESKTOPS;DIMENSION 3100/E310
101;Inspiron NTB;INSPIRON NOTEBOOKS;NOTEBOOK;INSPIRON NOTEBOOKS;INSPIRON 7370
102;Inspiron NTB;INSPIRON NOTEBOOKS;NOTEBOOK;INSPIRON NOTEBOOKS;INSPIRON 1425
103;Alien DT;ALIENWARE DESKTOPS;NONE;ALIENWARE DESKTOPS;ALIENWARE AREA 51
104;Vos DT;VOSTRO DESKTOPS;MT;VOSTRO DESKTOPS;CHENGMING 3988
105;XPS NB;XPS NOTEBOOKS;NOTEBOOK;XPS NOTEBOOKS;XPS M1530
106;Inspiron NTB;INSPIRON NOTEBOOKS;NOTEBOOK;INSPIRON NOTEBOOKS;INSPIRON 3521
107;Inspiron DT;INSPIRON DESKTOPS;MITAC MINI TOWER;INSPIRON DESKTOPS;DIMENSION 450D
108;Alien NB;ALIENWARE NOTEBOOKS;MT;ALIENWARE NOTEBOOKS;ALIENWARE 17
109;Inspiron NTB;INSPIRON NOTEBOOKS;NOTEBOOK;INSPIRON NOTEBOOKS;INSPIRON 7567
110;Inspiron NTB;INSPIRON NOTEBOOKS;MT;INSPIRON NOTEBOOKS;INSPIRON 15-3567
111;Inspiron DT;INSPIRON DESKTOPS;CYPHER SF;INSPIRON DESKTOPS;DIMENSION 5100C
112;XPS DT;XPS DESKTOPS;TANK UP;XPS DESKTOPS;XPS STUDIO 420
113;Inspiron NTB;INSPIRON NOTEBOOKS;NOTEBOOK;INSPIRON NOTEBOOKS;DIMENSION 1760
114;Alien NB;ALIENWARE NOTEBOOKS;NONE;ALIENWARE NOTEBOOKS;ALIENWARE M15 R5
115;Inspiron NTB;INSPIRON NOTEBOOKS;NONE;INSPIRON NOTEBOOKS;INSPIRON 3590
116;Inspiron NTB;INSPIRON NOTEBOOKS;NONE;INSPIRON NOTEBOOKS;INSPIRON 7490
117;Inspiron DT;INSPIRON DESKTOPS;NO CHASSIS;INSPIRON DESKTOPS;INSPIRON 2330
118;Inspiron NTB;INSPIRON NOTEBOOKS;NOTEBOOK;INSPIRON NOTEBOOKS;INSPIRON 7420
119;Inspiron NTB;INSPIRON NOTEBOOKS;NOTEBOOK;INSPIRON NOTEBOOKS;INSPIRON 5457
120;Inspiron NTB;INSPIRON NOTEBOOKS;NOTEBOOK;INSPIRON NOTEBOOKS;STUDIO 1535
121;Inspiron NTB;INSPIRON NOTEBOOKS;NOTEBOOK;INSPIRON NOTEBOOKS;INSPIRON 1464
122;Inspiron DT;INSPIRON DESKTOPS;MT;INSPIRON DESKTOPS;INSPIRON 20-3064
123;Alien DT;ALIENWARE DESKTOPS;MT;ALIENWARE DESKTOPS;ASM100R2
124;Inspiron DT;INSPIRON DESKTOPS;NONE;INSPIRON DESKTOPS;INSPIRON 24-3452
125;Inspiron NTB;INSPIRON NOTEBOOKS;NOTEBOOK;INSPIRON NOTEBOOKS;INSPIRON 7448
126;Inspiron DT;INSPIRON DESKTOPS;MITAC 212;INSPIRON DESKTOPS;DIMENSION 3000
127;Vos NB;VOSTRO NOTEBOOKS;NOTEBOOK;VOSTRO NOTEBOOKS;VOSTRO 3549
128;Vos NB;VOSTRO NOTEBOOKS;NOTEBOOK;VOSTRO NOTEBOOKS;VOSTRO 1011
129;Vos DT;VOSTRO DESKTOPS;MT;VOSTRO DESKTOPS;VOSTRO 3650
130;Inspiron NTB;INSPIRON NOTEBOOKS;NONE;INSPIRON NOTEBOOKS;INSPIRON 3506
131;XPS DT;XPS DESKTOPS;MINI TOWER;XPS DESKTOPS;XPS STUDIO 7100
132;Inspiron DT;INSPIRON DESKTOPS;MT;INSPIRON DESKTOPS;INSPIRON 22-3264
133;Inspiron DT;INSPIRON DESKTOPS;MT;INSPIRON DESKTOPS;INSPIRON 7790 AIO
134;Inspiron DT;INSPIRON DESKTOPS;GENEVA;INSPIRON DESKTOPS;INSPIRON 535
135;Inspiron NTB;INSPIRON NOTEBOOKS;NOTEBOOK;INSPIRON NOTEBOOKS;INSPIRON 2650
136;Inspiron DT;INSPIRON DESKTOPS;DIM DAVINCI;INSPIRON DESKTOPS;DIMENSION
137;Inspiron NTB;INSPIRON NOTEBOOKS;MT;INSPIRON NOTEBOOKS;INSPIRON 3380
138;Inspiron DT;INSPIRON DESKTOPS;GENEVA;INSPIRON DESKTOPS;INSPIRON 560S
139;Inspiron NTB;INSPIRON NOTEBOOKS;NOTEBOOK;INSPIRON NOTEBOOKS;INSPIRON 510M
140;Inspiron DT;INSPIRON DESKTOPS;NONE;INSPIRON DESKTOPS;INSPIRON 24-5459
141;XPS NB;XPS NOTEBOOKS;NOTEBOOK;XPS NOTEBOOKS;ALIENWARE M17X
142;Inspiron DT;INSPIRON DESKTOPS;NONE;INSPIRON DESKTOPS;INSPIRON 3250
143;Vos NB;VOSTRO NOTEBOOKS;NONE;VOSTRO NOTEBOOKS;VOSTRO 5502
144;Inspiron NTB;INSPIRON NOTEBOOKS;NOTEBOOK;INSPIRON NOTEBOOKS;INSPIRON 1370
145;Inspiron NTB;INSPIRON NOTEBOOKS;NOTEBOOK;INSPIRON NOTEBOOKS;INSPIRON 7779
146;XPS DT;XPS DESKTOPS;MT;XPS DESKTOPS;XPS 8700
147;Inspiron NTB;INSPIRON NOTEBOOKS;MT;INSPIRON NOTEBOOKS;INSPIRON 7386
148;Inspiron NTB;INSPIRON NOTEBOOKS;NOTEBOOK;INSPIRON NOTEBOOKS;INSPIRON 5748
149;Inspiron NTB;INSPIRON NOTEBOOKS;NOTEBOOK;INSPIRON NOTEBOOKS;INSPIRON 7537
150;Vos DT;VOSTRO DESKTOPS;MT;VOSTRO DESKTOPS;VOSTRO 3667
151;Inspiron NTB;INSPIRON NOTEBOOKS;MT;INSPIRON NOTEBOOKS;INSPIRON 5400 2N1
152;Inspiron NTB;INSPIRON NOTEBOOKS;NOTEBOOK;INSPIRON NOTEBOOKS;INSPIRON 1518
153;Inspiron DT;INSPIRON DESKTOPS;MT CHASSIS;INSPIRON DESKTOPS;DIMENSION
154;Inspiron DT;INSPIRON DESKTOPS;MT;INSPIRON DESKTOPS;INSPIRON ONE 2320
155;Inspiron NTB;INSPIRON NOTEBOOKS;MT;INSPIRON NOTEBOOKS;INSPIRON 7786
156;Inspiron NTB;INSPIRON NOTEBOOKS;NOTEBOOK;INSPIRON NOTEBOOKS;INSPIRON 7577
157;Vos NB;VOSTRO NOTEBOOKS;NONE;VOSTRO NOTEBOOKS;VOSTRO 3591
158;Inspiron NTB;INSPIRON NOTEBOOKS;NOTEBOOK;INSPIRON NOTEBOOKS;INSPIRON 17-5767
159;Inspiron DT;INSPIRON DESKTOPS;USFF3.5L;INSPIRON DESKTOPS;INSPIRON 300
160;Inspiron NTB;INSPIRON NOTEBOOKS;MT;INSPIRON NOTEBOOKS;DELL G15 5511
161;Inspiron NTB;INSPIRON NOTEBOOKS;NOTEBOOK;INSPIRON NOTEBOOKS;INSPIRON 3179
162;Vos NB;VOSTRO NOTEBOOKS;NOTEBOOK;VOSTRO NOTEBOOKS;VOSTRO 1511
163;Alien DT;ALIENWARE DESKTOPS;NONE;ALIENWARE DESKTOPS;ALIENWARE AURORA R7
164;XPS NB;XPS NOTEBOOKS;NOTEBOOK;XPS NOTEBOOKS;XPS L701X
165;XPS DT;XPS DESKTOPS;BULLET MT;XPS DESKTOPS;STUDIO XPS 8100
166;Vos NB;VOSTRO NOTEBOOKS;NOTEBOOK;VOSTRO NOTEBOOKS;VOSTRO 1510
167;XPS NB;XPS NOTEBOOKS;MT;XPS NOTEBOOKS;XPS 13 9305
168;XPS DT;XPS DESKTOPS;METROPLEX MT 650W;XPS DESKTOPS;DIMENSION XPS
169;Inspiron NTB;INSPIRON NOTEBOOKS;NOTEBOOK;INSPIRON NOTEBOOKS;INSPIRON 7572
170;Inspiron NTB;INSPIRON NOTEBOOKS;MT;INSPIRON NOTEBOOKS;INSPIRON 7791 2N1
171;Inspiron NTB;INSPIRON NOTEBOOKS;NOTEBOOK;INSPIRON NOTEBOOKS;INSPIRON 7359
172;Vos NB;VOSTRO NOTEBOOKS;NONE;VOSTRO NOTEBOOKS;VOSTRO 3583
173;Inspiron NTB;INSPIRON NOTEBOOKS;NOTEBOOK;INSPIRON NOTEBOOKS;INSPIRON 5575
174;Inspiron DT;INSPIRON DESKTOPS;DIM-RAMJET;INSPIRON DESKTOPS;DIMENSION 4590T
175;Vos DT;VOSTRO DESKTOPS;MT;VOSTRO DESKTOPS;VOSTRO 320
176;Inspiron DT;INSPIRON DESKTOPS;AXION MDT;INSPIRON DESKTOPS;DIMENSION
177;Inspiron NTB;INSPIRON NOTEBOOKS;NOTEBOOK;INSPIRON NOTEBOOKS;INSPIRON MINI 1090
178;Inspiron NTB;INSPIRON NOTEBOOKS;MT;INSPIRON NOTEBOOKS;INSPIRON 14-3465
179;Inspiron DT;INSPIRON DESKTOPS;SKYDIVE UT;INSPIRON DESKTOPS;DIMENSION 2100
180;Inspiron NTB;INSPIRON NOTEBOOKS;NOTEBOOK;INSPIRON NOTEBOOKS;INSPIRON 8600
181;Alien NB;ALIENWARE NOTEBOOKS;NOTEBOOK;ALIENWARE NOTEBOOKS;ALIENWARE M18XR2
182;XPS DT;XPS DESKTOPS;MT;XPS DESKTOPS;XPS 8500
183;Inspiron DT;INSPIRON DESKTOPS;BULLET ST;INSPIRON DESKTOPS;INSPIRON D530S
184;XPS NB;XPS NOTEBOOKS;NONE;XPS NOTEBOOKS;XPS 17 9710
185;Inspiron DT;INSPIRON DESKTOPS;NEO MT;INSPIRON DESKTOPS;DIMENSION 3100/E310
186;Inspiron NTB;INSPIRON NOTEBOOKS;NOTEBOOK;INSPIRON NOTEBOOKS;INSPIRON 1420
187;Inspiron NTB;INSPIRON NOTEBOOKS;NONE;INSPIRON NOTEBOOKS;INSPIRON 3505
188;Vos DT;VOSTRO DESKTOPS;MT;VOSTRO DESKTOPS;VOSTRO 20 3062
189;Inspiron NTB;INSPIRON NOTEBOOKS;NOTEBOOK;INSPIRON NOTEBOOKS;STUDIO 1749
190;XPS DT;XPS DESKTOPS;BULLET MT;XPS DESKTOPS;XPS 8300
191;Inspiron NTB;INSPIRON NOTEBOOKS;NOTEBOOK;INSPIRON NOTEBOOKS;INSPIRON 5368
192;Inspiron NTB;INSPIRON NOTEBOOKS;NOTEBOOK;INSPIRON NOTEBOOKS;DELL G15 5515 AMD EDITION
193;Vos NB;VOSTRO NOTEBOOKS;NOTEBOOK;VOSTRO NOTEBOOKS;VOSTRO 15 1000
194;Vos DT;VOSTRO DESKTOPS;BLACK BULLET ST;VOSTRO DESKTOPS;VOSTRO 100
195;Inspiron NTB;INSPIRON NOTEBOOKS;NOTEBOOK;INSPIRON NOTEBOOKS;INSPIRON 15-5559
196;Vos DT;VOSTRO DESKTOPS;JET LI MT;VOSTRO DESKTOPS;V230MT
197;Inspiron NTB;INSPIRON NOTEBOOKS;NONE;INSPIRON NOTEBOOKS;INSPIRON 3490
198;Alien DT;ALIENWARE DESKTOPS;NONE;ALIENWARE DESKTOPS;ALIENWARE AURORA R8
199;XPS NB;XPS NOTEBOOKS;NOTEBOOK;XPS NOTEBOOKS;ALIENWARE M18X
200;Inspiron NTB;INSPIRON NOTEBOOKS;NOTEBOOK;INSPIRON NOTEBOOKS;INSPIRON 5542
201;Inspiron NTB;INSPIRON NOTEBOOKS;NOTEBOOK;INSPIRON NOTEBOOKS;INSPIRON 5720
202;Inspiron NTB;INSPIRON NOTEBOOKS;NOTEBOOK;INSPIRON NOTEBOOKS;INSPIRON 1440
203;Inspiron NTB;INSPIRON NOTEBOOKS;MT;INSPIRON NOTEBOOKS;INSPIRON 14-3458
204;Inspiron NTB;INSPIRON NOTEBOOKS;NONE;INSPIRON NOTEBOOKS;INSPIRON 3580
205;Inspiron NTB;INSPIRON NOTEBOOKS;MT;INSPIRON NOTEBOOKS;INSPIRON 15Z
206;Inspiron NTB;INSPIRON NOTEBOOKS;MT;INSPIRON NOTEBOOKS;INSPIRON 3185
207;Inspiron NTB;INSPIRON NOTEBOOKS;NOTEBOOK;INSPIRON NOTEBOOKS;INSPIRON 640M/E1405
208;HHelds/MP3;MOBILE ELECTRONICS;MT;MOBILE ELECTRONICS;DELL 4
209;Alien NB;ALIENWARE NOTEBOOKS;NONE;ALIENWARE NOTEBOOKS;ALIENWARE M15 R2
210;Inspiron DT;INSPIRON DESKTOPS;MT;INSPIRON DESKTOPS;INSPIRON 24-5475
211;Alien DT;ALIENWARE DESKTOPS;MT;ALIENWARE DESKTOPS;ALIENWARE AREA 51
212;XPS NB;XPS NOTEBOOKS;NOTEBOOK;XPS NOTEBOOKS;INSPIRON XPS 2
213;Alien NB;ALIENWARE NOTEBOOKS;NONE;ALIENWARE NOTEBOOKS;ALIENWARE 15 R2
214;XPS DT;XPS DESKTOPS;NONE;XPS DESKTOPS;XPS 8940
215;Vos NB;VOSTRO NOTEBOOKS;NONE;VOSTRO NOTEBOOKS;VOSTRO 3490
216;Inspiron NTB;INSPIRON NOTEBOOKS;MT;INSPIRON NOTEBOOKS;INSPIRON 15-5000
217;Inspiron DT;INSPIRON DESKTOPS;NO CHASSIS;INSPIRON DESKTOPS;INSPIRON ONE 2305
218;XPS NB;XPS NOTEBOOKS;NOTEBOOK;XPS NOTEBOOKS;XPS  13 9343
219;XPS NB;XPS NOTEBOOKS;NOTEBOOK;XPS NOTEBOOKS;XPS14
220;Inspiron DT;INSPIRON DESKTOPS;BULLET MT;INSPIRON DESKTOPS;STUDIO D540
221;Inspiron NTB;INSPIRON NOTEBOOKS;NOTEBOOK;INSPIRON NOTEBOOKS;INSPIRON 15-5566
222;Vos NB;VOSTRO NOTEBOOKS;NOTEBOOK;VOSTRO NOTEBOOKS;VOSTRO 3300
223;Inspiron NTB;INSPIRON NOTEBOOKS;NOTEBOOK;INSPIRON NOTEBOOKS;DELL G3 3779
224;Inspiron NTB;INSPIRON NOTEBOOKS;NOTEBOOK;INSPIRON NOTEBOOKS;INSPIRON 3500
225;Inspiron NTB;INSPIRON NOTEBOOKS;MT;INSPIRON NOTEBOOKS;INSPIRON 5493
226;Inspiron NTB;INSPIRON NOTEBOOKS;NOTEBOOK;INSPIRON NOTEBOOKS;INSPIRON 5579
227;Vos DT;VOSTRO DESKTOPS;MT;VOSTRO DESKTOPS;VOSTRO 3653
228;Inspiron DT;INSPIRON DESKTOPS;SAKURA;INSPIRON DESKTOPS;INSPIRON 3050
229;Inspiron NTB;INSPIRON NOTEBOOKS;NOTEBOOK;INSPIRON NOTEBOOKS;INSPIRON 5535
230;Inspiron DT;INSPIRON DESKTOPS;PARATY;INSPIRON DESKTOPS;DIMENSION 1000
231;Vos DT;VOSTRO DESKTOPS;MT;VOSTRO DESKTOPS;VOSTRO 3671
232;XPS DT;XPS DESKTOPS;DOZER;XPS DESKTOPS;XPS 710
233;XPS DT;XPS DESKTOPS;AIO MTG20;XPS DESKTOPS;XPS ONE
234;HHelds/MP3;MOBILE ELECTRONICS;MT;MOBILE ELECTRONICS;VENUE TOUCH 4300
235;Vos DT;VOSTRO DESKTOPS;MT;VOSTRO DESKTOPS;VOSTRO 3800
236;Inspiron NTB;INSPIRON NOTEBOOKS;NOTEBOOK;INSPIRON NOTEBOOKS;INSPIRON 3441
237;Vos DT;VOSTRO DESKTOPS;BLACK BULLET ST;VOSTRO DESKTOPS;VOSTRO 200
238;Inspiron NTB;INSPIRON NOTEBOOKS;NOTEBOOK;INSPIRON NOTEBOOKS;INSPIRON 5437
239;Inspiron NTB;INSPIRON NOTEBOOKS;NONE;INSPIRON NOTEBOOKS;INSPIRON 3480
240;Vos DT;VOSTRO DESKTOPS;SFF;VOSTRO DESKTOPS;VOSTRO 3470
241;Vos NB;VOSTRO NOTEBOOKS;MT;VOSTRO NOTEBOOKS;VOSTRO 3511
242;Alien NB;ALIENWARE NOTEBOOKS;NONE;ALIENWARE NOTEBOOKS;ALIENWARE 15 R3
243;Vos DT;VOSTRO DESKTOPS;MNTW;VOSTRO DESKTOPS;VOSTRO 430
244;Inspiron DT;INSPIRON DESKTOPS;SKYDIVE UT;INSPIRON DESKTOPS;DIMENSION 4400
245;Inspiron NTB;INSPIRON NOTEBOOKS;NOTEBOOK;INSPIRON NOTEBOOKS;STUDIO 1450
246;HHelds/MP3;MOBILE ELECTRONICS;MT;MOBILE ELECTRONICS;MINI
247;Inspiron NTB;INSPIRON NOTEBOOKS;MT;INSPIRON NOTEBOOKS;INSPIRON 3511
248;XPS NB;XPS NOTEBOOKS;NOTEBOOK;XPS NOTEBOOKS;XPS 15 9560
249;Inspiron NTB;INSPIRON NOTEBOOKS;NOTEBOOK;INSPIRON NOTEBOOKS;INSPIRON 7569
250;Inspiron NTB;INSPIRON NOTEBOOKS;MT;INSPIRON NOTEBOOKS;INSPIRON 15-3565
251;Inspiron NTB;INSPIRON NOTEBOOKS;NONE;INSPIRON NOTEBOOKS;INSPIRON 5585
252;Inspiron NTB;INSPIRON NOTEBOOKS;NONE;INSPIRON NOTEBOOKS;INSPIRON 3585
253;XPS DT;XPS DESKTOPS;TANK UP;XPS DESKTOPS;STUDIO XPS 425
254;Inspiron DT;INSPIRON DESKTOPS;MITAC MINI TOWER;INSPIRON DESKTOPS;DIMENSION 350D
255;Vos NB;VOSTRO NOTEBOOKS;NOTEBOOK;VOSTRO NOTEBOOKS;VOSTRO 1720
256;Inspiron DT;INSPIRON DESKTOPS;NONE;INSPIRON DESKTOPS;INSPIRON 3650
257;Inspiron DT;INSPIRON DESKTOPS;KILLERBEE;INSPIRON DESKTOPS;DIMENSION 2400C
258;Inspiron NTB;INSPIRON NOTEBOOKS;NONE;INSPIRON NOTEBOOKS;INSPIRON 5491 2N1
259;Vos NB;VOSTRO NOTEBOOKS;NOTEBOOK;VOSTRO NOTEBOOKS;VOSTRO 3750
260;Vos NB;VOSTRO NOTEBOOKS;MT;VOSTRO NOTEBOOKS;VOSTRO 14-5468
261;Inspiron DT;INSPIRON DESKTOPS;MT;INSPIRON DESKTOPS;INSPIRON 22-3263
262;XPS NB;XPS NOTEBOOKS;NOTEBOOK;XPS NOTEBOOKS;XPS L702X
263;Inspiron NTB;INSPIRON NOTEBOOKS;NONE;INSPIRON NOTEBOOKS;INSPIRON 3503
264;XPS NB;XPS NOTEBOOKS;NOTEBOOK;XPS NOTEBOOKS;ALIENWARE M15X
265;Inspiron NTB;INSPIRON NOTEBOOKS;NOTEBOOK;INSPIRON NOTEBOOKS;INSPIRON 1501
266;Vos DT;VOSTRO DESKTOPS;MT;VOSTRO DESKTOPS;VOSTRO 3268
267;Inspiron NTB;INSPIRON NOTEBOOKS;NOTEBOOK;INSPIRON NOTEBOOKS;INSPIRON 3542
268;Vos NB;VOSTRO NOTEBOOKS;NOTEBOOK;VOSTRO NOTEBOOKS;VOSTRO 1450
269;Inspiron NTB;INSPIRON NOTEBOOKS;NOTEBOOK;INSPIRON NOTEBOOKS;DELL G7 7790
270;Inspiron NTB;INSPIRON NOTEBOOKS;NOTEBOOK;INSPIRON NOTEBOOKS;INSPIRON N4010
271;Inspiron NTB;INSPIRON NOTEBOOKS;NOTEBOOK;INSPIRON NOTEBOOKS;DIMENSION G402D
272;Alien NB;ALIENWARE NOTEBOOKS;NONE;ALIENWARE NOTEBOOKS;ALIENWARE X17 R1
273;Inspiron DT;INSPIRON DESKTOPS;SKYDIVE UT;INSPIRON DESKTOPS;DIMENSION 4500
274;Inspiron NTB;INSPIRON NOTEBOOKS;NONE;INSPIRON NOTEBOOKS;INSPIRON 5418
275;Vos NB;VOSTRO NOTEBOOKS;NONE;VOSTRO NOTEBOOKS;VOSTRO 3405
276;Inspiron DT;INSPIRON DESKTOPS;MITAC MG MINI TOWER;INSPIRON DESKTOPS;DIMENSION SMARTPC 300D
277;Inspiron DT;INSPIRON DESKTOPS;GENEVA;INSPIRON DESKTOPS;INSPIRON 537
278;XPS DT;XPS DESKTOPS;RIOS;XPS DESKTOPS;STUDIO XPS 435T/9000
279;Inspiron NTB;INSPIRON NOTEBOOKS;NONE;INSPIRON NOTEBOOKS;INSPIRON 5509
280;Inspiron DT;INSPIRON DESKTOPS;MT;INSPIRON DESKTOPS;INSPIRON 3671
281;Alien NB;ALIENWARE NOTEBOOKS;NONE;ALIENWARE NOTEBOOKS;ALIENWARE 17 R5
282;Vos NB;VOSTRO NOTEBOOKS;NONE;VOSTRO NOTEBOOKS;VOSTRO 3581
283;XPS NB;XPS NOTEBOOKS;MT;XPS NOTEBOOKS;XPS 13 9365
284;Inspiron NTB;INSPIRON NOTEBOOKS;NOTEBOOK;INSPIRON NOTEBOOKS;DELL G5 5500
285;Inspiron NTB;INSPIRON NOTEBOOKS;NOTEBOOK;INSPIRON NOTEBOOKS;INSPIRON 7579
286;Inspiron NTB;INSPIRON NOTEBOOKS;NOTEBOOK;INSPIRON NOTEBOOKS;INSPIRON 8000
287;Inspiron NTB;INSPIRON NOTEBOOKS;NOTEBOOK;INSPIRON NOTEBOOKS;INSPIRON 14-5451
288;Inspiron DT;INSPIRON DESKTOPS;SKYDIVE UT;INSPIRON DESKTOPS;DIMENSION 8250
289;Inspiron DT;INSPIRON DESKTOPS;MAN M;INSPIRON DESKTOPS;DIMENSION
290;Inspiron DT;INSPIRON DESKTOPS;SMITH MSMT;INSPIRON DESKTOPS;DIMENSION 5100
291;XPS NB;XPS NOTEBOOKS;MT;XPS NOTEBOOKS;XPS 9530
292;Inspiron DT;INSPIRON DESKTOPS;NONE;INSPIRON DESKTOPS;INSPIRON 3252
293;Inspiron NTB;INSPIRON NOTEBOOKS;NOTEBOOK;INSPIRON NOTEBOOKS;INSPIRON 1200
294;Vos DT;VOSTRO DESKTOPS;JET LI ST;VOSTRO DESKTOPS;V230ST
295;Inspiron NTB;INSPIRON NOTEBOOKS;NOTEBOOK;INSPIRON NOTEBOOKS;INSPIRON 700M
296;XPS DT;XPS DESKTOPS;DRUID;XPS DESKTOPS;XPS 630I
297;Inspiron DT;INSPIRON DESKTOPS;BULLET MT;INSPIRON DESKTOPS;INSPIRON D519
298;XPS DT;XPS DESKTOPS;MT;XPS DESKTOPS;XPS 1820
299;Vos NB;VOSTRO NOTEBOOKS;MT;VOSTRO NOTEBOOKS;VOSTRO 5401
300;XPS NB;XPS NOTEBOOKS;MT;XPS NOTEBOOKS;XPS 15 9500
301;Alien DT;ALIENWARE DESKTOPS;MT;ALIENWARE DESKTOPS;ALIENWARE AURORA R6
302;Inspiron DT;INSPIRON DESKTOPS;SMITH MSMT;INSPIRON DESKTOPS;DIMENSION 5200/E520
303;Inspiron NTB;INSPIRON NOTEBOOKS;NONE;INSPIRON NOTEBOOKS;INSPIRON 5485
304;Vos NB;VOSTRO NOTEBOOKS;NOTEBOOK;VOSTRO NOTEBOOKS;VOSTRO A840
305;Inspiron NTB;INSPIRON NOTEBOOKS;NOTEBOOK;INSPIRON NOTEBOOKS;INSPIRON 5578
306;Inspiron NTB;INSPIRON NOTEBOOKS;NOTEBOOK;INSPIRON NOTEBOOKS;STUDIO 1537
307;XPS DT;XPS DESKTOPS;MT;XPS DESKTOPS;XPS 1810
308;Inspiron DT;INSPIRON DESKTOPS;NONE;INSPIRON DESKTOPS;INSPIRON 24-7459
309;Inspiron NTB;INSPIRON NOTEBOOKS;NONE;INSPIRON NOTEBOOKS;INSPIRON 3508
310;Inspiron NTB;INSPIRON NOTEBOOKS;NOBLE;INSPIRON NOTEBOOKS;INSPIRON 1545
311;Inspiron DT;INSPIRON DESKTOPS;ORYX MT;INSPIRON DESKTOPS;DIMENSION
312;Vos DT;VOSTRO DESKTOPS;MT;VOSTRO DESKTOPS;VOSTRO 3669
313;Inspiron DT;INSPIRON DESKTOPS;SLIM;INSPIRON DESKTOPS;INSPIRON 620S
314;Inspiron NTB;INSPIRON NOTEBOOKS;NOTEBOOK;INSPIRON NOTEBOOKS;INSPIRON N4110
315;Inspiron NTB;INSPIRON NOTEBOOKS;MT;INSPIRON NOTEBOOKS;INSPIRON 3510
316;Inspiron NTB;INSPIRON NOTEBOOKS;NONE;INSPIRON NOTEBOOKS;INSPIRON 3785
317;Alien DT;ALIENWARE DESKTOPS;MT;ALIENWARE DESKTOPS;ALIENWARE AURORA R7
318;Inspiron DT;INSPIRON DESKTOPS;MITAC MINI TOWER;INSPIRON DESKTOPS;DIMENSION 2300
319;Inspiron NTB;INSPIRON NOTEBOOKS;NOTEBOOK;INSPIRON NOTEBOOKS;INSPIRON 7737
320;Inspiron NTB;INSPIRON NOTEBOOKS;MT;INSPIRON NOTEBOOKS;INSPIRON 1464
321;Vos NB;VOSTRO NOTEBOOKS;NOTEBOOK;VOSTRO NOTEBOOKS;VOSTRO 1320
322;Inspiron NTB;INSPIRON NOTEBOOKS;NOTEBOOK;INSPIRON NOTEBOOKS;INSPIRON 1525SE
323;Inspiron DT;INSPIRON DESKTOPS;GENEVA;INSPIRON DESKTOPS;INSPIRON 545S
324;XPS NB;XPS NOTEBOOKS;NOTEBOOK;XPS NOTEBOOKS;ALIENWARE M11X
325;Inspiron NTB;INSPIRON NOTEBOOKS;NOTEBOOK;INSPIRON NOTEBOOKS;DELL G3 3590
326;Inspiron DT;INSPIRON DESKTOPS;MT;INSPIRON DESKTOPS;INSPIRON 3268
327;Inspiron NTB;INSPIRON NOTEBOOKS;NOTEBOOK;INSPIRON NOTEBOOKS;INSPIRON 3152
328;XPS DT;XPS DESKTOPS;XPS MT;XPS DESKTOPS;XPS 8500
329;Inspiron DT;INSPIRON DESKTOPS;MT;INSPIRON DESKTOPS;RE-TIED EPP PERIPHERALS
330;Inspiron NTB;INSPIRON NOTEBOOKS;NOTEBOOK;INSPIRON NOTEBOOKS;INSPIRON 1210
331;Inspiron DT;INSPIRON DESKTOPS;SFF;INSPIRON DESKTOPS;INSPIRON 3471
332;Inspiron NTB;INSPIRON NOTEBOOKS;NOTEBOOK;INSPIRON NOTEBOOKS;INSPIRON 14-5439
333;Inspiron NTB;INSPIRON NOTEBOOKS;NOTEBOOK;INSPIRON NOTEBOOKS;INSPIRON MINI 1017
334;Vos NB;VOSTRO NOTEBOOKS;NOTEBOOK;VOSTRO NOTEBOOKS;VOSTRO V13
335;Inspiron NTB;INSPIRON NOTEBOOKS;NOTEBOOK;INSPIRON NOTEBOOKS;INSPIRON 14-5455
336;Inspiron NTB;INSPIRON NOTEBOOKS;NOTEBOOK;INSPIRON NOTEBOOKS;INSPIRON 7560
337;Inspiron NTB;INSPIRON NOTEBOOKS;NOTEBOOK;INSPIRON NOTEBOOKS;DELL G17 5710
338;Inspiron DT;INSPIRON DESKTOPS;MT;INSPIRON DESKTOPS;INSPIRON 2340
339;Inspiron NTB;INSPIRON NOTEBOOKS;NOTEBOOK;INSPIRON NOTEBOOKS;INSPIRON ZIP
340;Vos DT;VOSTRO DESKTOPS;SFF;VOSTRO DESKTOPS;VOSTRO 270S
341;Inspiron NTB;INSPIRON NOTEBOOKS;NOTEBOOK;INSPIRON NOTEBOOKS;INSPIRON 1318
342;Vos NB;VOSTRO NOTEBOOKS;NONE;VOSTRO NOTEBOOKS;VOSTRO 3481
343;Inspiron NTB;INSPIRON NOTEBOOKS;MT;INSPIRON NOTEBOOKS;INSPIRON 14-3462
344;Inspiron DT;INSPIRON DESKTOPS;KILLERBEE;INSPIRON DESKTOPS;DIMENSION 4600C
345;Vos NB;VOSTRO NOTEBOOKS;NOTEBOOK;VOSTRO NOTEBOOKS;VOSTRO 15 3559
346;Vos NB;VOSTRO NOTEBOOKS;MT;VOSTRO NOTEBOOKS;VOSTRO 15-5568
347;Inspiron NTB;INSPIRON NOTEBOOKS;NOTEBOOK;INSPIRON NOTEBOOKS;INSPIRON 1546
348;Inspiron NTB;INSPIRON NOTEBOOKS;NOTEBOOK;INSPIRON NOTEBOOKS;STUDIO 1747
349;XPS NB;XPS NOTEBOOKS;NONE;XPS NOTEBOOKS;XPS 13 9310
350;Inspiron DT;INSPIRON DESKTOPS;MT;INSPIRON DESKTOPS;INSPIRON 5680
351;Vos NB;VOSTRO NOTEBOOKS;NOTEBOOK;VOSTRO NOTEBOOKS;VOSTRO 3500
352;Inspiron NTB;INSPIRON NOTEBOOKS;MT;INSPIRON NOTEBOOKS;INSPIRON 3385 2N1
353;Alien DT;ALIENWARE DESKTOPS;MT;ALIENWARE DESKTOPS;ALIENWARE AURORA R9
354;Inspiron NTB;INSPIRON NOTEBOOKS;MT;INSPIRON NOTEBOOKS;INSPIRON 5406 2N1
355;Vos NB;VOSTRO NOTEBOOKS;MT;VOSTRO NOTEBOOKS;VOSTRO 5490
356;Inspiron DT;INSPIRON DESKTOPS;NONE;INSPIRON DESKTOPS;INSPIRON 24-3459
357;Inspiron DT;INSPIRON DESKTOPS;MT;INSPIRON DESKTOPS;INSPIRON 3668
358;Vos DT;VOSTRO DESKTOPS;NONE;VOSTRO DESKTOPS;VOSTRO 3890
359;Vos NB;VOSTRO NOTEBOOKS;MT;VOSTRO NOTEBOOKS;VOSTRO 15-3566
360;XPS NB;XPS NOTEBOOKS;NOTEBOOK;XPS NOTEBOOKS;XPS 15
361;Inspiron NTB;INSPIRON NOTEBOOKS;NOTEBOOK;INSPIRON NOTEBOOKS;INSPIRON 5445
362;Vos NB;VOSTRO NOTEBOOKS;NONE;VOSTRO NOTEBOOKS;VOSTRO 3501
363;Vos NB;VOSTRO NOTEBOOKS;MT;VOSTRO NOTEBOOKS;VOSTRO 5481
364;Inspiron NTB;INSPIRON NOTEBOOKS;NOTEBOOK;INSPIRON NOTEBOOKS;INSPIRON M301Z
365;XPS DT;XPS DESKTOPS;WINCHESTER-MT;XPS DESKTOPS;DIMENSION XPS
366;Vos NB;VOSTRO NOTEBOOKS;NOTEBOOK;VOSTRO NOTEBOOKS;VOSTRO 1014
367;Inspiron NTB;INSPIRON NOTEBOOKS;NOTEBOOK;INSPIRON NOTEBOOKS;INSPIRON 5557
368;Inspiron NTB;INSPIRON NOTEBOOKS;NOTEBOOK;INSPIRON NOTEBOOKS;INSPIRON 1526
369;Inspiron NTB;INSPIRON NOTEBOOKS;NONE;INSPIRON NOTEBOOKS;INSPIRON 3504
370;Inspiron NTB;INSPIRON NOTEBOOKS;NOTEBOOK;INSPIRON NOTEBOOKS;INSPIRON 15-3576
371;Inspiron NTB;INSPIRON NOTEBOOKS;NONE;INSPIRON NOTEBOOKS;INSPIRON 5505
372;Inspiron NTB;INSPIRON NOTEBOOKS;NOTEBOOK;INSPIRON NOTEBOOKS;INSPIRON 5390
373;Inspiron NTB;INSPIRON NOTEBOOKS;NOTEBOOK;INSPIRON NOTEBOOKS;INSPIRON 3721
374;Inspiron NTB;INSPIRON NOTEBOOKS;NOTEBOOK;INSPIRON NOTEBOOKS;INSPIRON 7570
375;Inspiron NTB;INSPIRON NOTEBOOKS;NOTEBOOK;INSPIRON NOTEBOOKS;INSPIRON MINI 1012
376;Inspiron DT;INSPIRON DESKTOPS;DAVINCI;INSPIRON DESKTOPS;DIMENSION L
377;Vos DT;VOSTRO DESKTOPS;MT;VOSTRO DESKTOPS;VOSTRO 460
378;XPS NB;XPS NOTEBOOKS;MT;XPS NOTEBOOKS;XPS 13 9380
379;Vos DT;VOSTRO DESKTOPS;MT;VOSTRO DESKTOPS;VOSTRO 3670
380;Inspiron NTB;INSPIRON NOTEBOOKS;NOTEBOOK;INSPIRON NOTEBOOKS;INSPIRON N4020
381;Vos NB;VOSTRO NOTEBOOKS;NOTEBOOK;VOSTRO NOTEBOOKS;VOSTRO 5391
382;Alien DT;ALIENWARE DESKTOPS;MT;ALIENWARE DESKTOPS;ALIENWARE X51
383;Inspiron NTB;INSPIRON NOTEBOOKS;MT;INSPIRON NOTEBOOKS;INSPIRON 7566
384;Inspiron DT;INSPIRON DESKTOPS;MT;INSPIRON DESKTOPS;INSPIRON 24-3460
385;Inspiron NTB;INSPIRON NOTEBOOKS;MT;INSPIRON NOTEBOOKS;STUDIO 1555
386;Inspiron DT;INSPIRON DESKTOPS;SAFFRON;INSPIRON DESKTOPS;INSPIRON 3646
387;Alien DT;ALIENWARE DESKTOPS;MT;ALIENWARE DESKTOPS;ALIENWARE AURORA RYZEN A13
388;Inspiron NTB;INSPIRON NOTEBOOKS;NOTEBOOK;INSPIRON NOTEBOOKS;INSPIRON 7373
389;Inspiron NTB;INSPIRON NOTEBOOKS;MT;INSPIRON NOTEBOOKS;INSPIRON 5423
390;XPS NB;XPS NOTEBOOKS;NOTEBOOK;XPS NOTEBOOKS;XPS 9550
391;Inspiron NTB;INSPIRON NOTEBOOKS;NOTEBOOK;INSPIRON NOTEBOOKS;INSPIRON 7347
392;Inspiron NTB;INSPIRON NOTEBOOKS;NONE;INSPIRON NOTEBOOKS;INSPIRON 5405
393;Vos NB;VOSTRO NOTEBOOKS;NOTEBOOK;VOSTRO NOTEBOOKS;VOSTRO 5370
394;Inspiron NTB;INSPIRON NOTEBOOKS;NOTEBOOK;INSPIRON NOTEBOOKS;INSPIRON N5010
395;Inspiron NTB;INSPIRON NOTEBOOKS;MT;INSPIRON NOTEBOOKS;INSPIRON DUO 11
396;XPS DT;XPS DESKTOPS;METROPLEX MT;XPS DESKTOPS;DIMENSION XPS
397;Inspiron DT;INSPIRON DESKTOPS;JAZZ SDT;INSPIRON DESKTOPS;DIMENSION 2000
398;Inspiron NTB;INSPIRON NOTEBOOKS;MT;INSPIRON NOTEBOOKS;INSPIRON 3180
399;Vos NB;VOSTRO NOTEBOOKS;MT;VOSTRO NOTEBOOKS;VOSTRO 15 5515
400;Inspiron NTB;INSPIRON NOTEBOOKS;NOTEBOOK;INSPIRON NOTEBOOKS;INSPIRON 7447
401;Inspiron NTB;INSPIRON NOTEBOOKS;MT;INSPIRON NOTEBOOKS;INSPIRON 3782
402;Vos DT;VOSTRO DESKTOPS;MT;VOSTRO DESKTOPS;VOSTRO 3900G
403;XPS DT;XPS DESKTOPS;MT;XPS DESKTOPS;XPS 27 AIO
404;Inspiron DT;INSPIRON DESKTOPS;GATOR;INSPIRON DESKTOPS;DIMENSION
405;Vos NB;VOSTRO NOTEBOOKS;NOTEBOOK;VOSTRO NOTEBOOKS;VOSTRO 1220
406;Inspiron NTB;INSPIRON NOTEBOOKS;NOTEBOOK;INSPIRON NOTEBOOKS;INSPIRON 14-3476
407;Inspiron DT;INSPIRON DESKTOPS;WEBSTER CD;INSPIRON DESKTOPS;WEB PRODUCTS
408;Inspiron NTB;INSPIRON NOTEBOOKS;MT;INSPIRON NOTEBOOKS;RE-TIED EPP PERIPHERALS
409;Inspiron DT;INSPIRON DESKTOPS;KILLERBEE;INSPIRON DESKTOPS;DIMENSION 4700C
410;Vos DT;VOSTRO DESKTOPS;MT;VOSTRO DESKTOPS;VOSTRO 3900
411;Inspiron NTB;INSPIRON NOTEBOOKS;MT;INSPIRON NOTEBOOKS;INSPIRON 3385
412;Inspiron NTB;INSPIRON NOTEBOOKS;NOTEBOOK;INSPIRON NOTEBOOKS;MINI 10 - 1019
413;Inspiron NTB;INSPIRON NOTEBOOKS;NONE;INSPIRON NOTEBOOKS;INSPIRON 5515
414;Vos NB;VOSTRO NOTEBOOKS;NOTEBOOK;VOSTRO NOTEBOOKS;VOSTRO 1010
415;XPS DT;XPS DESKTOPS;KLINGER;XPS DESKTOPS;DIMENSION XPS
416;Vos NB;VOSTRO NOTEBOOKS;MT;VOSTRO NOTEBOOKS;VOSTRO 3360
417;XPS DT;XPS DESKTOPS;ORYX T;XPS DESKTOPS;DIMENSION XPS
418;Inspiron NTB;INSPIRON NOTEBOOKS;MT;INSPIRON NOTEBOOKS;INSPIRON 3515
419;Inspiron DT;INSPIRON DESKTOPS;SKYDIVE UT;INSPIRON DESKTOPS;DIMENSION 4550
420;Inspiron NTB;INSPIRON NOTEBOOKS;NOTEBOOK;INSPIRON NOTEBOOKS;INSPIRON 5425
421;Vos DT;VOSTRO DESKTOPS;MT;VOSTRO DESKTOPS;CHENG MING 3968
422;Inspiron NTB;INSPIRON NOTEBOOKS;MT;INSPIRON NOTEBOOKS;INSPIRON 7548
423;Inspiron NTB;INSPIRON NOTEBOOKS;NOTEBOOK;INSPIRON NOTEBOOKS;INSPIRON 3000
424;XPS NB;XPS NOTEBOOKS;MT;XPS NOTEBOOKS;XPS 15 7590
425;Inspiron DT;INSPIRON DESKTOPS;GENEVA;INSPIRON DESKTOPS;INSPIRON 560
426;Inspiron DT;INSPIRON DESKTOPS;MT;INSPIRON DESKTOPS;INSPIRON 5675
427;Inspiron NTB;INSPIRON NOTEBOOKS;NOTEBOOK;INSPIRON NOTEBOOKS;INSPIRON 7378
428;Inspiron DT;INSPIRON DESKTOPS;DAVINCI;INSPIRON DESKTOPS;DIMENSION 2200
429;Inspiron DT;INSPIRON DESKTOPS;MT;INSPIRON DESKTOPS;INSPIRON 20-3060
430;Inspiron NTB;INSPIRON NOTEBOOKS;MT;INSPIRON NOTEBOOKS;INSPIRON 1764
431;Vos DT;VOSTRO DESKTOPS;STONECUTTER ST;VOSTRO DESKTOPS;VOSTRO 220S
432;Vos DT;VOSTRO DESKTOPS;SFF;VOSTRO DESKTOPS;VOSTRO 3681
433;Inspiron DT;INSPIRON DESKTOPS;MT;INSPIRON DESKTOPS;INSPIRON 22-3261
434;XPS NB;XPS NOTEBOOKS;MT;XPS NOTEBOOKS;XPS 13 2-IN-1 9310 2N1
435;Inspiron NTB;INSPIRON NOTEBOOKS;NOTEBOOK;INSPIRON NOTEBOOKS;INSPIRON 8100
436;Inspiron NTB;INSPIRON NOTEBOOKS;NOTEBOOK;INSPIRON NOTEBOOKS;INSPIRON N4050
437;Inspiron NTB;INSPIRON NOTEBOOKS;NOTEBOOK;INSPIRON NOTEBOOKS;INSPIRON SMARTSTEP 250N
438;Vos NB;VOSTRO NOTEBOOKS;MT;VOSTRO NOTEBOOKS;VOSTRO 3515
439;Inspiron NTB;INSPIRON NOTEBOOKS;NONE;INSPIRON NOTEBOOKS;INSPIRON 7300
440;Inspiron NTB;INSPIRON NOTEBOOKS;NOTEBOOK;INSPIRON NOTEBOOKS;INSPIRON MILKHA
441;HHelds/MP3;MOBILE ELECTRONICS;HANDHELD;MOBILE ELECTRONICS;HAND HELDS
442;Inspiron NTB;INSPIRON NOTEBOOKS;NOTEBOOK;INSPIRON NOTEBOOKS;INSPIRON 1720
443;Vos NB;VOSTRO NOTEBOOKS;NONE;VOSTRO NOTEBOOKS;VOSTRO 5510
444;Alien NB;ALIENWARE NOTEBOOKS;NONE;ALIENWARE NOTEBOOKS;ALIENWARE 15
445;Inspiron NTB;INSPIRON NOTEBOOKS;NOTEBOOK;INSPIRON NOTEBOOKS;INSPIRON M4040
446;HHelds/MP3;MOBILE ELECTRONICS;PDA;MOBILE ELECTRONICS;HAND HELDS
447;Inspiron DT;INSPIRON DESKTOPS;MT;INSPIRON DESKTOPS;INSPIRON 7700 AIO
448;Inspiron DT;INSPIRON DESKTOPS;SKYDIVE UT;INSPIRON DESKTOPS;DIMENSION 8200
449;Inspiron DT;INSPIRON DESKTOPS;MT;INSPIRON DESKTOPS;INSPIRON 5491 AIO
450;Inspiron NTB;INSPIRON NOTEBOOKS;NOTEBOOK;INSPIRON NOTEBOOKS;INSPIRON 6000
451;Inspiron NTB;INSPIRON NOTEBOOKS;NOTEBOOK;INSPIRON NOTEBOOKS;INSPIRON 1121
452;Alien NB;ALIENWARE NOTEBOOKS;MT;ALIENWARE NOTEBOOKS;ALIENWARE 13 R3
453;XPS DT;XPS DESKTOPS;DOZER;XPS DESKTOPS;XPS 730X
454;Vos DT;VOSTRO DESKTOPS;MT;VOSTRO DESKTOPS;VOSTRO 5880
455;Inspiron DT;INSPIRON DESKTOPS;NEO MT;INSPIRON DESKTOPS;DIMENSION 1200/B220
456;Inspiron NTB;INSPIRON NOTEBOOKS;NOTEBOOK;INSPIRON NOTEBOOKS;INSPIRON 1150
457;Inspiron NTB;INSPIRON NOTEBOOKS;NOTEBOOK;INSPIRON NOTEBOOKS;INSPIRON 7467
458;Inspiron DT;INSPIRON DESKTOPS;SKYDIVE UT;INSPIRON DESKTOPS;DIMENSION 8300
459;Vos NB;VOSTRO NOTEBOOKS;MT;VOSTRO NOTEBOOKS;VOSTRO 5590
460;Vos NB;VOSTRO NOTEBOOKS;NOTEBOOK;VOSTRO NOTEBOOKS;VOSTRO 3350
461;Inspiron DT;INSPIRON DESKTOPS;MT;INSPIRON DESKTOPS;INSPIRON 3670
462;Inspiron NTB;INSPIRON NOTEBOOKS;NOTEBOOK;INSPIRON NOTEBOOKS;INSPIRON 5100
463;Inspiron NTB;INSPIRON NOTEBOOKS;NOTEBOOK;INSPIRON NOTEBOOKS;DIMENSION G401D
464;Inspiron NTB;INSPIRON NOTEBOOKS;NONE;INSPIRON NOTEBOOKS;INSPIRON 5415
465;Inspiron NTB;INSPIRON NOTEBOOKS;NOTEBOOK;INSPIRON NOTEBOOKS;INSPIRON 7778
466;Vos NB;VOSTRO NOTEBOOKS;NOTEBOOK;VOSTRO NOTEBOOKS;VOSTRO 7580
467;Inspiron NTB;INSPIRON NOTEBOOKS;NOTEBOOK;INSPIRON NOTEBOOKS;INSPIRON 2000
468;Inspiron NTB;INSPIRON NOTEBOOKS;NOTEBOOK;INSPIRON NOTEBOOKS;INSPIRON 1122
469;Inspiron NTB;INSPIRON NOTEBOOKS;NONE;INSPIRON NOTEBOOKS;INSPIRON 5402
470;XPS NB;XPS NOTEBOOKS;NOTEBOOK;XPS NOTEBOOKS;ADAMO 13
471;Inspiron NTB;INSPIRON NOTEBOOKS;NOTEBOOK;INSPIRON NOTEBOOKS;INSPIRON 15-3573
472;Inspiron NTB;INSPIRON NOTEBOOKS;NOTEBOOK;INSPIRON NOTEBOOKS;INSPIRON 5570
473;Inspiron DT;INSPIRON DESKTOPS;MT;INSPIRON DESKTOPS;INSPIRON 3910
474;Vos NB;VOSTRO NOTEBOOKS;NOTEBOOK;VOSTRO NOTEBOOKS;VOSTRO 14-3446
475;Inspiron DT;INSPIRON DESKTOPS;SFF;INSPIRON DESKTOPS;INSPIRON 3472
476;Inspiron NTB;INSPIRON NOTEBOOKS;NOTEBOOK;INSPIRON NOTEBOOKS;INSPIRON 5775
477;Alien NB;ALIENWARE NOTEBOOKS;ALIENWARE 13;ALIENWARE NOTEBOOKS;ALIENWARE 13 R2
478;Inspiron NTB;INSPIRON NOTEBOOKS;NOTEBOOK;INSPIRON NOTEBOOKS;INSPIRON 17-5755
479;Inspiron NTB;INSPIRON NOTEBOOKS;NOTEBOOK;INSPIRON NOTEBOOKS;INSPIRON 1320
480;Inspiron DT;INSPIRON DESKTOPS;JAZZ - DIMENSION;INSPIRON DESKTOPS;DIMENSION 4300
481;Inspiron NTB;INSPIRON NOTEBOOKS;NOTEBOOK;INSPIRON NOTEBOOKS;INSPIRON N5110
482;Vos NB;VOSTRO NOTEBOOKS;NOTEBOOK;VOSTRO NOTEBOOKS;VOSTRO 1550
483;Vos DT;VOSTRO DESKTOPS;MT;VOSTRO DESKTOPS;VOSTRO 3668
484;XPS DT;XPS DESKTOPS;TANK UP;XPS DESKTOPS;XPS 430
485;XPS DT;XPS DESKTOPS;APRILIA AIO;XPS DESKTOPS;XPS 2730
486;Inspiron NTB;INSPIRON NOTEBOOKS;NOTEBOOK;INSPIRON NOTEBOOKS;INSPIRON 3158
487;Vos NB;VOSTRO NOTEBOOKS;NOTEBOOK;VOSTRO NOTEBOOKS;VOSTRO 15 3565
488;Alien NB;ALIENWARE NOTEBOOKS;MT;ALIENWARE NOTEBOOKS;ALIENWARE M17
489;Inspiron NTB;INSPIRON NOTEBOOKS;NOTEBOOK;INSPIRON NOTEBOOKS;INSPIRONZ N411Z
490;Inspiron NTB;INSPIRON NOTEBOOKS;NOTEBOOK;INSPIRON NOTEBOOKS;STUDIO 1555
491;Vos NB;VOSTRO NOTEBOOKS;NOTEBOOK;VOSTRO NOTEBOOKS;VOSTRO 3550
492;Inspiron DT;INSPIRON DESKTOPS;GENEVA;INSPIRON DESKTOPS;INSPIRON 537S
493;Vos DT;VOSTRO DESKTOPS;MT;VOSTRO DESKTOPS;VOSTRO 330
494;Inspiron DT;INSPIRON DESKTOPS;NO CHASSIS;INSPIRON DESKTOPS;INSPIRON ONE 2310
495;Inspiron DT;INSPIRON DESKTOPS;MDT ORYX;INSPIRON DESKTOPS;DIMENSION
496;Inspiron DT;INSPIRON DESKTOPS;GENEVA;INSPIRON DESKTOPS;INSPIRON 546
497;Inspiron DT;INSPIRON DESKTOPS;SFF;INSPIRON DESKTOPS;INSPIRON 660S
498;Vos DT;VOSTRO DESKTOPS;MNTW;VOSTRO DESKTOPS;VOSTRO 460
499;Inspiron DT;INSPIRON DESKTOPS;MITAC 212;INSPIRON DESKTOPS;DIMENSION 1100/B110
500;Inspiron DT;INSPIRON DESKTOPS;BULLET MT;INSPIRON DESKTOPS;INSPIRON D531
501;Vos DT;VOSTRO DESKTOPS;MNTW;VOSTRO DESKTOPS;VOSTRO 230
502;Inspiron NTB;INSPIRON NOTEBOOKS;MT;INSPIRON NOTEBOOKS;INSPIRON 7415 2-IN-1
503;Vos NB;VOSTRO NOTEBOOKS;NOTEBOOK;VOSTRO NOTEBOOKS;VOSTRO 5460
504;Inspiron NTB;INSPIRON NOTEBOOKS;MT;INSPIRON NOTEBOOKS;INSPIRON 1564
505;XPS NB;XPS NOTEBOOKS;NOTEBOOK;XPS NOTEBOOKS;XPS M1530 (PRODUCT) RED
506;Inspiron DT;INSPIRON DESKTOPS;GENEVA;INSPIRON DESKTOPS;INSPIRON 535S
507;Inspiron NTB;INSPIRON NOTEBOOKS;NOTEBOOK;INSPIRON NOTEBOOKS;INSPIRON 14-5452
508;Inspiron NTB;INSPIRON NOTEBOOKS;NOTEBOOK;INSPIRON NOTEBOOKS;STUDIO 1735
509;HHelds/MP3;MOBILE ELECTRONICS;MP3 PLAYER;MOBILE ELECTRONICS;MP-3 PLAYERS
510;Inspiron NTB;INSPIRON NOTEBOOKS;NOTEBOOK;INSPIRON NOTEBOOKS;INSPIRON 5737
511;Inspiron NTB;INSPIRON NOTEBOOKS;MT;INSPIRON NOTEBOOKS;INSPIRON 11-3164
512;Vos NB;VOSTRO NOTEBOOKS;MT;VOSTRO NOTEBOOKS;VOSTRO 3460
513;Vos NB;VOSTRO NOTEBOOKS;MT;VOSTRO NOTEBOOKS;VOSTRO 14 5415
514;Inspiron DT;INSPIRON DESKTOPS;SFF;INSPIRON DESKTOPS;INSPIRON 3470
515;Inspiron NTB;INSPIRON NOTEBOOKS;NOTEBOOK;INSPIRON NOTEBOOKS;INSPIRON 1525
516;Inspiron NTB;INSPIRON NOTEBOOKS;MT;INSPIRON NOTEBOOKS;INSPIRON 3138
517;Inspiron DT;INSPIRON DESKTOPS;KLINGER MT;INSPIRON DESKTOPS;DIMENSION
518;Vos NB;VOSTRO NOTEBOOKS;MT;VOSTRO NOTEBOOKS;VOSTRO 7590
519;Inspiron DT;INSPIRON DESKTOPS;MT;INSPIRON DESKTOPS;INSPIRON 3881
520;Inspiron DT;INSPIRON DESKTOPS;SKYDIVE UT;INSPIRON DESKTOPS;DIMENSION 4200
521;XPS NB;XPS NOTEBOOKS;NOTEBOOK;XPS NOTEBOOKS;XPS 11
522;Inspiron NTB;INSPIRON NOTEBOOKS;NOTEBOOK;INSPIRON NOTEBOOKS;INSPIRON 5520
523;Inspiron NTB;INSPIRON NOTEBOOKS;NOTEBOOK;INSPIRON NOTEBOOKS;INSPIRON 7773
524;Inspiron DT;INSPIRON DESKTOPS;KILLERBEE;INSPIRON DESKTOPS;DIMENSION 6000
525;Vos NB;VOSTRO NOTEBOOKS;NONE;VOSTRO NOTEBOOKS;VOSTRO 5494
526;Inspiron NTB;INSPIRON NOTEBOOKS;NOTEBOOK;INSPIRON NOTEBOOKS;INSPIRON 3437
527;Inspiron NTB;INSPIRON NOTEBOOKS;MT;INSPIRON NOTEBOOKS;INSPIRON 5580
528;Vos NB;VOSTRO NOTEBOOKS;NONE;VOSTRO NOTEBOOKS;VOSTRO 7510
529;Inspiron NTB;INSPIRON NOTEBOOKS;NOTEBOOK;INSPIRON NOTEBOOKS;INSPIRON 710M
530;Inspiron NTB;INSPIRON NOTEBOOKS;NOTEBOOK;INSPIRON NOTEBOOKS;INSPIRON 1750
531;Inspiron NTB;INSPIRON NOTEBOOKS;NOTEBOOK;INSPIRON NOTEBOOKS;INSPIRON 7520
532;Inspiron NTB;INSPIRON NOTEBOOKS;NOTEBOOK;INSPIRON NOTEBOOKS;STUDIO 1457
533;XPS NB;XPS NOTEBOOKS;MT;XPS NOTEBOOKS;XPS 13 7390
534;Inspiron NTB;INSPIRON NOTEBOOKS;NOTEBOOK;INSPIRON NOTEBOOKS;INSPIRON 3167
535;Vos DT;VOSTRO DESKTOPS;SLIM;VOSTRO DESKTOPS;VOSTRO 260
536;Inspiron NTB;INSPIRON NOTEBOOKS;NOTEBOOK;INSPIRON NOTEBOOKS;INSPIRON 1570
537;XPS NB;XPS NOTEBOOKS;NONE;XPS NOTEBOOKS;XPS 13 9380
538;Alien NB;ALIENWARE NOTEBOOKS;ALIENWARE 17 R2;ALIENWARE NOTEBOOKS;ALIENWARE 17 R2
539;Inspiron NTB;INSPIRON NOTEBOOKS;MT;INSPIRON NOTEBOOKS;INSPIRON 5408
540;Vos DT;VOSTRO DESKTOPS;MNTW;VOSTRO DESKTOPS;VOSTRO 260
541;Alien NB;ALIENWARE NOTEBOOKS;NONE;ALIENWARE NOTEBOOKS;ALIENWARE X15 R1
542;Inspiron NTB;INSPIRON NOTEBOOKS;NOTEBOOK;INSPIRON NOTEBOOKS;STUDIO 1436
543;Vos DT;VOSTRO DESKTOPS;MT;VOSTRO DESKTOPS;VOSTRO 23 3340
544;Inspiron NTB;INSPIRON NOTEBOOKS;NOTEBOOK;INSPIRON NOTEBOOKS;INSPIRON MINI 1018
545;Inspiron NTB;INSPIRON NOTEBOOKS;MT;INSPIRON NOTEBOOKS;INSPIRON 5488
546;Vos DT;VOSTRO DESKTOPS;MT;VOSTRO DESKTOPS;VOSTRO 3710
547;Inspiron NTB;INSPIRON NOTEBOOKS;NOTEBOOK;INSPIRON NOTEBOOKS;INSPIRON 11
548;Inspiron NTB;INSPIRON NOTEBOOKS;NOTEBOOK;INSPIRON NOTEBOOKS;INSPIRON 9200
549;XPS NB;XPS NOTEBOOKS;NONE;XPS NOTEBOOKS;XPS 17 9700
550;Inspiron DT;INSPIRON DESKTOPS;MITAC MINI TOWER;INSPIRON DESKTOPS;DIMENSION SMART PC
551;Alien NB;ALIENWARE NOTEBOOKS;NONE;ALIENWARE NOTEBOOKS;ALIENWARE M17 R3
552;Inspiron DT;INSPIRON DESKTOPS;FOXGLOVE;INSPIRON DESKTOPS;INSPIRON 3043
553;XPS NB;XPS NOTEBOOKS;NONE;XPS NOTEBOOKS;XPS 15 9570
554;Alien DT;ALIENWARE DESKTOPS;MT;ALIENWARE DESKTOPS;ALIENWARE AURORA1
555;Alien NB;ALIENWARE NOTEBOOKS;NONE;ALIENWARE NOTEBOOKS;ALIENWARE 15 R4
556;Inspiron NTB;INSPIRON NOTEBOOKS;NOTEBOOK;INSPIRON NOTEBOOKS;STUDIO 1737
557;XPS NB;XPS NOTEBOOKS;NOTEBOOK;XPS NOTEBOOKS;STUDIO XPS M1340
558;Inspiron NTB;INSPIRON NOTEBOOKS;NOTEBOOK;INSPIRON NOTEBOOKS;INSPIRON 7348
559;Inspiron NTB;INSPIRON NOTEBOOKS;NOTEBOOK;INSPIRON NOTEBOOKS;INSPIRON 6400/E1505
560;Vos NB;VOSTRO NOTEBOOKS;NOTEBOOK;VOSTRO NOTEBOOKS;VOSTRO 1015
561;Inspiron NTB;INSPIRON NOTEBOOKS;NOTEBOOK;INSPIRON NOTEBOOKS;INSPIRON M5010
562;Inspiron NTB;INSPIRON NOTEBOOKS;NOTEBOOK;INSPIRON NOTEBOOKS;INSPIRON 5545
563;Inspiron DT;INSPIRON DESKTOPS;MT;INSPIRON DESKTOPS;INSPIRON 27-7775
564;Inspiron NTB;INSPIRON NOTEBOOKS;NOTEBOOK;INSPIRON NOTEBOOKS;INSPIRON M5110
565;Inspiron NTB;INSPIRON NOTEBOOKS;NOTEBOOK;INSPIRON NOTEBOOKS;INSPIRON 3443
566;Inspiron NTB;INSPIRON NOTEBOOKS;NONE;INSPIRON NOTEBOOKS;INSPIRON 3582
567;XPS NB;XPS NOTEBOOKS;MT;XPS NOTEBOOKS;ALIENWARE M14X
568;Vos DT;VOSTRO DESKTOPS;MT;VOSTRO DESKTOPS;VOSTRO 3250
569;Vos NB;VOSTRO NOTEBOOKS;NOTEBOOK;VOSTRO NOTEBOOKS;VOSTRO 3546
570;XPS DT;XPS DESKTOPS;MT;XPS DESKTOPS;XPS 8900
571;Inspiron NTB;INSPIRON NOTEBOOKS;NOTEBOOK;INSPIRON NOTEBOOKS;INSPIRON 2200
572;Vos DT;VOSTRO DESKTOPS;NONE;VOSTRO DESKTOPS;VOSTRO 3690
573;Inspiron DT;INSPIRON DESKTOPS;NO CHASSIS;INSPIRON DESKTOPS;INSPIRON ONE 2320
574;Inspiron NTB;INSPIRON NOTEBOOKS;MT;INSPIRON NOTEBOOKS;INSPIRON 5410 2-IN-1
575;Inspiron NTB;INSPIRON NOTEBOOKS;NOTEBOOK;INSPIRON NOTEBOOKS;INSPIRON SMARTSTEP 100N
576;Alien DT;ALIENWARE DESKTOPS;NONE;ALIENWARE DESKTOPS;ALIENWARE AURORA R13
577;XPS NB;XPS NOTEBOOKS;NOTEBOOK;XPS NOTEBOOKS;INSPIRON 630M/XPS M140
578;Vos NB;VOSTRO NOTEBOOKS;NOTEBOOK;VOSTRO NOTEBOOKS;VOSTRO 15+ 1500
579;Vos DT;VOSTRO DESKTOPS;MINI TOWER;VOSTRO DESKTOPS;VOSTRO 260G
580;Alien NB;ALIENWARE NOTEBOOKS;NONE;ALIENWARE NOTEBOOKS;ALIENWARE M15 A5
581;Vos NB;VOSTRO NOTEBOOKS;NOTEBOOK;VOSTRO NOTEBOOKS;VOSTRO 5480
582;Inspiron NTB;INSPIRON NOTEBOOKS;NOTEBOOK;INSPIRON NOTEBOOKS;INSPIRON 7352
583;Vos DT;VOSTRO DESKTOPS;MINI TOWER;VOSTRO DESKTOPS;VOSTRO 270G
584;XPS DT;XPS DESKTOPS;DOZER;XPS DESKTOPS;XPS 700
585;Vos NB;VOSTRO NOTEBOOKS;MT;VOSTRO NOTEBOOKS;VOSTRO 14-3468
586;Vos NB;VOSTRO NOTEBOOKS;NOTEBOOK;VOSTRO NOTEBOOKS;VOSTRO 2420
587;XPS NB;XPS NOTEBOOKS;NONE;XPS NOTEBOOKS;XPS 15 9500
588;Inspiron DT;INSPIRON DESKTOPS;MITAC 212;INSPIRON DESKTOPS;DIMENSION 4700
589;Inspiron DT;INSPIRON DESKTOPS;MT;INSPIRON DESKTOPS;INSPIRON ONE 2020
590;Inspiron NTB;INSPIRON NOTEBOOKS;NOTEBOOK;INSPIRON NOTEBOOKS;INSPIRON 14-5458
591;Inspiron NTB;INSPIRON NOTEBOOKS;NOTEBOOK;INSPIRON NOTEBOOKS;INSPIRON 15-5558
592;Vos NB;VOSTRO NOTEBOOKS;NOTEBOOK;VOSTRO NOTEBOOKS;VOSTRO 2510
593;Inspiron NTB;INSPIRON NOTEBOOKS;NOTEBOOK;INSPIRON NOTEBOOKS;INSPIRON 910
594;Inspiron DT;INSPIRON DESKTOPS;KLINGER;INSPIRON DESKTOPS;DIMENSION XPS Z
595;Inspiron NTB;INSPIRON NOTEBOOKS;NOTEBOOK;INSPIRON NOTEBOOKS;INSPIRON 5568
596;Vos NB;VOSTRO NOTEBOOKS;NOTEBOOK;VOSTRO NOTEBOOKS;VOSTRO 1520
597;Inspiron DT;INSPIRON DESKTOPS;KLINGER M;INSPIRON DESKTOPS;DIMENSION
598;Inspiron NTB;INSPIRON NOTEBOOKS;NONE;INSPIRON NOTEBOOKS;INSPIRON 3493
599;Vos NB;VOSTRO NOTEBOOKS;NONE;VOSTRO NOTEBOOKS;VOSTRO 3401
600;XPS DT;XPS DESKTOPS;DEIMOS;XPS DESKTOPS;ALIENWARE AURORA
601;Inspiron DT;INSPIRON DESKTOPS;MNTW;INSPIRON DESKTOPS;INSPIRON 580
602;Inspiron NTB;INSPIRON NOTEBOOKS;MT;INSPIRON NOTEBOOKS;INSPIRON 7300 2N1
603;Alien NB;ALIENWARE NOTEBOOKS;NONE;ALIENWARE NOTEBOOKS;ALIENWARE M15
604;Inspiron NTB;INSPIRON NOTEBOOKS;NONE;INSPIRON NOTEBOOKS;INSPIRON 7591 2N1
605;XPS DT;XPS DESKTOPS;MT;XPS DESKTOPS;XPS ONE 27
606;HHelds/MP3;MOBILE ELECTRONICS;MT;MOBILE ELECTRONICS;STREAK 7
607;Inspiron DT;INSPIRON DESKTOPS;MT;INSPIRON DESKTOPS;INSPIRON ONE 2305
608;HHelds/MP3;MOBILE ELECTRONICS;MT;MOBILE ELECTRONICS;STREAK
609;XPS NB;XPS NOTEBOOKS;NOTEBOOK;XPS NOTEBOOKS;XPS13
610;Inspiron NTB;INSPIRON NOTEBOOKS;NOTEBOOK;INSPIRON NOTEBOOKS;DELL G7 7500
611;Inspiron NTB;INSPIRON NOTEBOOKS;NOTEBOOK;INSPIRON NOTEBOOKS;INSPIRON 5537
612;Vos NB;VOSTRO NOTEBOOKS;NOTEBOOK;VOSTRO NOTEBOOKS;VOSTRO 14-5459
613;Inspiron DT;INSPIRON DESKTOPS;USFF3.5L;INSPIRON DESKTOPS;INSPIRON 400
614;XPS DT;XPS DESKTOPS;MT;XPS DESKTOPS;XPS STUDIO 7100
615;XPS NB;XPS NOTEBOOKS;NOTEBOOK;XPS NOTEBOOKS;XPS L502X
616;Inspiron DT;INSPIRON DESKTOPS;WILDMAN L;INSPIRON DESKTOPS;DIMENSION
617;Inspiron NTB;INSPIRON NOTEBOOKS;NOTEBOOK;INSPIRON NOTEBOOKS;INSPIRON 3148
618;XPS DT;XPS DESKTOPS;AIO MTG20;XPS DESKTOPS;XPS ONE (PRODUCT) RED
619;Inspiron NTB;INSPIRON NOTEBOOKS;NOTEBOOK;INSPIRON NOTEBOOKS;INSPIRON 5521
620;Vos NB;VOSTRO NOTEBOOKS;NOTEBOOK;VOSTRO NOTEBOOKS;VOSTRO 3700
621;Vos NB;VOSTRO NOTEBOOKS;NOTEBOOK;VOSTRO NOTEBOOKS;VOSTRO V131
622;Inspiron NTB;INSPIRON NOTEBOOKS;NOTEBOOK;INSPIRON NOTEBOOKS;INSPIRON N5040
623;Vos NB;VOSTRO NOTEBOOKS;NOTEBOOK;VOSTRO NOTEBOOKS;VOSTRO 5560
624;XPS NB;XPS NOTEBOOKS;NOTEBOOK;XPS NOTEBOOKS;XPS15
625;Inspiron NTB;INSPIRON NOTEBOOKS;NOTEBOOK;INSPIRON NOTEBOOKS;INSPIRON 1545
626;Inspiron NTB;INSPIRON NOTEBOOKS;MT;INSPIRON NOTEBOOKS;INSPIRON 5481
627;Inspiron NTB;INSPIRON NOTEBOOKS;NOTEBOOK;INSPIRON NOTEBOOKS;DIMENSION T401D
628;Inspiron DT;INSPIRON DESKTOPS;SLIM;INSPIRON DESKTOPS;INSPIRON 580S
629;Inspiron NTB;INSPIRON NOTEBOOKS;MT;INSPIRON NOTEBOOKS;INSPIRON 5584
630;Inspiron DT;INSPIRON DESKTOPS;MINITOWER;INSPIRON DESKTOPS;INSPIRON 660
631;XPS NB;XPS NOTEBOOKS;NOTEBOOK;XPS NOTEBOOKS;XPS 9350
632;HHelds/MP3;MOBILE ELECTRONICS;MT;MOBILE ELECTRONICS;DELL 4 XPS
633;Inspiron NTB;INSPIRON NOTEBOOKS;NOTEBOOK;INSPIRON NOTEBOOKS;INSPIRON 1120
634;XPS NB;XPS NOTEBOOKS;NONE;XPS NOTEBOOKS;XPS 15 2IN1 9575
635;Inspiron DT;INSPIRON DESKTOPS;SMITH MT;INSPIRON DESKTOPS;DIMENSION E521
636;Alien DT;ALIENWARE DESKTOPS;ASM100;ALIENWARE DESKTOPS;ASM100
637;Inspiron NTB;INSPIRON NOTEBOOKS;MT;INSPIRON NOTEBOOKS;INSPIRON 15-3552
638;Inspiron NTB;INSPIRON NOTEBOOKS;NOTEBOOK;INSPIRON NOTEBOOKS;INSPIRON 3168
639;Inspiron NTB;INSPIRON NOTEBOOKS;NOTEBOOK;INSPIRON NOTEBOOKS;INSPIRON 3137
640;Vos DT;VOSTRO DESKTOPS;MINI TOWER;VOSTRO DESKTOPS;VOSTRO 270
641;Inspiron NTB;INSPIRON NOTEBOOKS;MT;INSPIRON NOTEBOOKS;INSPIRON 5301
642;Inspiron NTB;INSPIRON NOTEBOOKS;NOTEBOOK;INSPIRON NOTEBOOKS;INSPIRON 7368
643;XPS NB;XPS NOTEBOOKS;NOTEBOOK;XPS NOTEBOOKS;STUDIO XPS 1645
644;Inspiron NTB;INSPIRON NOTEBOOKS;NOTEBOOK;INSPIRON NOTEBOOKS;INSPIRON 7559
645;Inspiron DT;INSPIRON DESKTOPS;MT;INSPIRON DESKTOPS;INSPIRON 5676
646;Inspiron NTB;INSPIRON NOTEBOOKS;NOTEBOOK;INSPIRON NOTEBOOKS;INSPIRON 15-5555
647;Vos DT;VOSTRO DESKTOPS;MT;VOSTRO DESKTOPS;VOSTRO 360
648;Inspiron NTB;INSPIRON NOTEBOOKS;MT;INSPIRON NOTEBOOKS;INSPIRON 11-3162
649;Inspiron DT;INSPIRON DESKTOPS;BULLET ST;INSPIRON DESKTOPS;STUDIO D540S
650;Inspiron NTB;INSPIRON NOTEBOOKS;NOTEBOOK;INSPIRON NOTEBOOKS;INSPIRON 7472
651;XPS NB;XPS NOTEBOOKS;NOTEBOOK;XPS NOTEBOOKS;XPS M1330 (PRODUCT) RED
652;Inspiron NTB;INSPIRON NOTEBOOKS;MT;INSPIRON NOTEBOOKS;INSPIRON 7500 2N1
653;Inspiron DT;INSPIRON DESKTOPS;HU MITX;INSPIRON DESKTOPS;DELL EC280
654;Inspiron DT;INSPIRON DESKTOPS;MT;INSPIRON DESKTOPS;INSPIRON 660S
655;Inspiron NTB;INSPIRON NOTEBOOKS;NOTEBOOK;INSPIRON NOTEBOOKS;INSPIRON 3543
656;Inspiron DT;INSPIRON DESKTOPS;USFF3.5L;INSPIRON DESKTOPS;INSPIRON ZINO HD
657;XPS DT;XPS DESKTOPS;MT;XPS DESKTOPS;XPS 8930
658;Inspiron NTB;INSPIRON NOTEBOOKS;NOTEBOOK;INSPIRON NOTEBOOKS;INSPIRON 2600
659;Inspiron NTB;INSPIRON NOTEBOOKS;NOTEBOOK;INSPIRON NOTEBOOKS;INSPIRON 1521
660;Inspiron NTB;INSPIRON NOTEBOOKS;NONE;INSPIRON NOTEBOOKS;INSPIRON 5518
661;Inspiron NTB;INSPIRON NOTEBOOKS;NOTEBOOK;INSPIRON NOTEBOOKS;INSPIRON 4150
662;Vos NB;VOSTRO NOTEBOOKS;MT;VOSTRO NOTEBOOKS;VOSTRO 3760
663;Inspiron NTB;INSPIRON NOTEBOOKS;NOTEBOOK;INSPIRON NOTEBOOKS;INSPIRON 3147
664;Inspiron NTB;INSPIRON NOTEBOOKS;NOTEBOOK;INSPIRON NOTEBOOKS;DELL G5 SE 5505
665;Inspiron NTB;INSPIRON NOTEBOOKS;NOTEBOOK;INSPIRON NOTEBOOKS;DELL G5 5587
666;XPS NB;XPS NOTEBOOKS;NOTEBOOK;XPS NOTEBOOKS;XPS 13 9360
667;Vos DT;VOSTRO DESKTOPS;MT;VOSTRO DESKTOPS;VOSTRO 24 5460
668;Inspiron DT;INSPIRON DESKTOPS;CAYENNE;INSPIRON DESKTOPS;DIMENSION C
669;XPS DT;XPS DESKTOPS;BULLET MT;XPS DESKTOPS;STUDIO XPS 435MT
670;Inspiron DT;INSPIRON DESKTOPS;AXION SDT;INSPIRON DESKTOPS;DIMENSION
671;Inspiron NTB;INSPIRON NOTEBOOKS;NONE;INSPIRON NOTEBOOKS;INSPIRON 7510
672;Vos DT;VOSTRO DESKTOPS;STONECUTTER TOWER;VOSTRO DESKTOPS;VOSTRO 420
673;XPS NB;XPS NOTEBOOKS;NOTEBOOK;XPS NOTEBOOKS;ADAMO 9
674;XPS NB;XPS NOTEBOOKS;NOTEBOOK;XPS NOTEBOOKS;XPS 9250
675;Inspiron NTB;INSPIRON NOTEBOOKS;NOTEBOOK;INSPIRON NOTEBOOKS;INSPIRON 7437
676;Inspiron DT;INSPIRON DESKTOPS;MT;INSPIRON DESKTOPS;INSPIRON 2350
677;HHelds/MP3;MOBILE ELECTRONICS;MT;MOBILE ELECTRONICS;DELL MINI 5
678;HHelds/MP3;MOBILE ELECTRONICS;MT;MOBILE ELECTRONICS;DELL MINI 3
679;Vos DT;VOSTRO DESKTOPS;MT;VOSTRO DESKTOPS;VOSTRO 3881
680;Inspiron NTB;INSPIRON NOTEBOOKS;NOTEBOOK;INSPIRON NOTEBOOKS;DELL G3 3500
681;XPS NB;XPS NOTEBOOKS;NOTEBOOK;XPS NOTEBOOKS;XPS14Z
682;Inspiron NTB;INSPIRON NOTEBOOKS;NOTEBOOK;INSPIRON NOTEBOOKS;INSPIRON 3153
683;Vos DT;VOSTRO DESKTOPS;BLACK BULLET MT;VOSTRO DESKTOPS;VOSTRO 201
684;Inspiron DT;INSPIRON DESKTOPS;MT;INSPIRON DESKTOPS;INSPIRON 3880
685;Inspiron DT;INSPIRON DESKTOPS;MT;INSPIRON DESKTOPS;INSPIRON 27-7777
686;Vos DT;VOSTRO DESKTOPS;MT;VOSTRO DESKTOPS;CHENG MING 3977
687;Inspiron NTB;INSPIRON NOTEBOOKS;NOTEBOOK;INSPIRON NOTEBOOKS;INSPIRON 5435
688;Inspiron NTB;INSPIRON NOTEBOOKS;MT;INSPIRON NOTEBOOKS;INSPIRON 7591
689;Vos NB;VOSTRO NOTEBOOKS;NONE;VOSTRO NOTEBOOKS;VOSTRO 3500
690;XPS NB;XPS NOTEBOOKS;NONE;XPS NOTEBOOKS;XPS 13 9300
691;XPS NB;XPS NOTEBOOKS;NOTEBOOK;XPS NOTEBOOKS;XPS L401X
692;Vos NB;VOSTRO NOTEBOOKS;NONE;VOSTRO NOTEBOOKS;VOSTRO 3491
693;Vos DT;VOSTRO DESKTOPS;MINI TOWER;VOSTRO DESKTOPS;VOSTRO 470
694;Inspiron NTB;INSPIRON NOTEBOOKS;NOTEBOOK;INSPIRON NOTEBOOKS;INSPIRON 500M
695;HHelds/MP3;MOBILE ELECTRONICS;MT;MOBILE ELECTRONICS;STREAK PRO
696;XPS DT;XPS DESKTOPS;BULLET MT;XPS DESKTOPS;STUDIO XPS 8000
697;Inspiron NTB;INSPIRON NOTEBOOKS;MT;INSPIRON NOTEBOOKS;INSPIRON 3380 2N1
698;Inspiron NTB;INSPIRON NOTEBOOKS;NONE;INSPIRON NOTEBOOKS;INSPIRON 5490
699;XPS NB;XPS NOTEBOOKS;NOTEBOOK;XPS NOTEBOOKS;XPS M170
700;Inspiron NTB;INSPIRON NOTEBOOKS;MT;INSPIRON NOTEBOOKS;INSPIRON 7506 2N1
701;Inspiron NTB;INSPIRON NOTEBOOKS;NOTEBOOK;INSPIRON NOTEBOOKS;INSPIRON N5050
702;Vos DT;VOSTRO DESKTOPS;MT;VOSTRO DESKTOPS;V230ST
703;Inspiron DT;INSPIRON DESKTOPS;NONE;INSPIRON DESKTOPS;INSPIRON 20-3052
704;Vos DT;VOSTRO DESKTOPS;MT;VOSTRO DESKTOPS;VOSTRO 3902
705;Alien DT;ALIENWARE DESKTOPS;MT;ALIENWARE DESKTOPS;ALIENWARE AURORA RYZEN
706;Inspiron NTB;INSPIRON NOTEBOOKS;NOTEBOOK;INSPIRON NOTEBOOKS;INSPIRON N3010
707;Inspiron DT;INSPIRON DESKTOPS;GENEVA;INSPIRON DESKTOPS;INSPIRON 545
708;Vos NB;VOSTRO NOTEBOOKS;MT;VOSTRO NOTEBOOKS;VOSTRO 3560
709;Vos DT;VOSTRO DESKTOPS;MT;VOSTRO DESKTOPS;VOSTRO 270S
710;Inspiron NTB;INSPIRON NOTEBOOKS;NOTEBOOK;INSPIRON NOTEBOOKS;INSPIRON 5323
711;XPS DT;XPS DESKTOPS;ORYX MT;XPS DESKTOPS;DIMENSION XPS
712;Inspiron NTB;INSPIRON NOTEBOOKS;MT;INSPIRON NOTEBOOKS;INSPIRON 5594
713;XPS DT;XPS DESKTOPS;MT;XPS DESKTOPS;ALIENWARE AURORA
714;Inspiron NTB;INSPIRON NOTEBOOKS;NONE;INSPIRON NOTEBOOKS;INSPIRON 5410
715;Inspiron DT;INSPIRON DESKTOPS;MNTW;INSPIRON DESKTOPS;INSPIRON 620
716;Inspiron DT;INSPIRON DESKTOPS;SKYDIVE UT;INSPIRON DESKTOPS;DIMENSION 4300
717;Inspiron DT;INSPIRON DESKTOPS;DAVINCI MG/BLUE;INSPIRON DESKTOPS;DIMENSION 2200
718;Inspiron NTB;INSPIRON NOTEBOOKS;NOTEBOOK;INSPIRON NOTEBOOKS;INSPIRON 5000
719;XPS NB;XPS NOTEBOOKS;NOTEBOOK;XPS NOTEBOOKS;ALIENWARE M14X
720;Inspiron DT;INSPIRON DESKTOPS;MITAC 212;INSPIRON DESKTOPS;DIMENSION 4600
721;Vos DT;VOSTRO DESKTOPS;MT;VOSTRO DESKTOPS;VOSTRO 260
722;Vos NB;VOSTRO NOTEBOOKS;NOTEBOOK;VOSTRO NOTEBOOKS;VOSTRO 1540
723;Inspiron NTB;INSPIRON NOTEBOOKS;NOTEBOOK;INSPIRON NOTEBOOKS;INSPIRON 3442
724;Vos DT;VOSTRO DESKTOPS;MT;VOSTRO DESKTOPS;CHENGMING 3990
725;Inspiron NTB;INSPIRON NOTEBOOKS;MT;INSPIRON NOTEBOOKS;INSPIRON 5501
726;Vos NB;VOSTRO NOTEBOOKS;NOTEBOOK;VOSTRO NOTEBOOKS;VOSTRO 3400
727;Inspiron NTB;INSPIRON NOTEBOOKS;NONE;INSPIRON NOTEBOOKS;INSPIRON 3593
728;Inspiron DT;INSPIRON DESKTOPS;P CHASSIS;INSPIRON DESKTOPS;DIMENSION
729;Inspiron DT;INSPIRON DESKTOPS;NONE;INSPIRON DESKTOPS;INSPIRON 3656
730;Inspiron NTB;INSPIRON NOTEBOOKS;NOTEBOOK;INSPIRON NOTEBOOKS;INSPIRON 7746
731;Alien NB;ALIENWARE NOTEBOOKS;NONE;ALIENWARE NOTEBOOKS;ALIENWARE M17 R2
732;Inspiron NTB;INSPIRON NOTEBOOKS;NOTEBOOK;INSPIRON NOTEBOOKS;STUDIO 1557
733;Inspiron NTB;INSPIRON NOTEBOOKS;NOTEBOOK;INSPIRON NOTEBOOKS;DELL G3 3579
734;Vos DT;VOSTRO DESKTOPS;WEST LAKE;VOSTRO DESKTOPS;VOSTRO 320
735;Inspiron NTB;INSPIRON NOTEBOOKS;NOTEBOOK;INSPIRON NOTEBOOKS;INSPIRON 5770
736;Inspiron NTB;INSPIRON NOTEBOOKS;NOTEBOOK;INSPIRON NOTEBOOKS;INSPIRON 5420
737;Vos NB;VOSTRO NOTEBOOKS;NOTEBOOK;VOSTRO NOTEBOOKS;VOSTRO 5471
738;Inspiron DT;INSPIRON DESKTOPS;NONE;INSPIRON DESKTOPS;DELL G5 DT
739;Inspiron NTB;INSPIRON NOTEBOOKS;NOTEBOOK;INSPIRON NOTEBOOKS;INSPIRON B120
740;Inspiron DT;INSPIRON DESKTOPS;MT;INSPIRON DESKTOPS;INSPIRON 24-5477
741;XPS NB;XPS NOTEBOOKS;NOTEBOOK;XPS NOTEBOOKS;XPS DUO 12
742;XPS NB;XPS NOTEBOOKS;NOTEBOOK;XPS NOTEBOOKS;XPS M1210
743;Inspiron NTB;INSPIRON NOTEBOOKS;NONE;INSPIRON NOTEBOOKS;INSPIRON 3780
744;Inspiron NTB;INSPIRON NOTEBOOKS;NOTEBOOK;INSPIRON NOTEBOOKS;STUDIO 1558
745;XPS NB;XPS NOTEBOOKS;NOTEBOOK;XPS NOTEBOOKS;XPS M2010
746;Inspiron NTB;INSPIRON NOTEBOOKS;MT;INSPIRON NOTEBOOKS;INSPIRON 5485 2N1
747;Inspiron NTB;INSPIRON NOTEBOOKS;NOTEBOOK;INSPIRON NOTEBOOKS;INSPIRON 8200
748;Alien NB;ALIENWARE NOTEBOOKS;NOTEBOOK;ALIENWARE NOTEBOOKS;ALIENWARE M17
749;Inspiron NTB;INSPIRON NOTEBOOKS;NOTEBOOK;INSPIRON NOTEBOOKS;INSPIRON 4100
750;Inspiron DT;INSPIRON DESKTOPS;NONE;INSPIRON DESKTOPS;DELL G7 DT
751;Vos DT;VOSTRO DESKTOPS;MT;VOSTRO DESKTOPS;VOSTRO 3010
752;Inspiron NTB;INSPIRON NOTEBOOKS;NOTEBOOK;INSPIRON NOTEBOOKS;INSPIRON 1519
753;Alien NB;ALIENWARE NOTEBOOKS;MT;ALIENWARE NOTEBOOKS;ALIENWARE M15 R4
754;XPS NB;XPS NOTEBOOKS;NOTEBOOK;XPS NOTEBOOKS;XPS L501X
755;Inspiron DT;INSPIRON DESKTOPS;MT;INSPIRON DESKTOPS;INSPIRON 22-3277
756;Vos DT;VOSTRO DESKTOPS;SFF;VOSTRO DESKTOPS;VOSTRO 3471
757;Vos NB;VOSTRO NOTEBOOKS;NONE;VOSTRO NOTEBOOKS;VOSTRO 3582
758;Inspiron NTB;INSPIRON NOTEBOOKS;NOTEBOOK;INSPIRON NOTEBOOKS;INSPIRON 5548
759;XPS DT;XPS DESKTOPS;MT CHASSIS;XPS DESKTOPS;DIMENSION XPS
760;Inspiron NTB;INSPIRON NOTEBOOKS;MT;INSPIRON NOTEBOOKS;INSPIRON 15-3568
761;Inspiron NTB;INSPIRON NOTEBOOKS;NOTEBOOK;INSPIRON NOTEBOOKS;INSPIRON 1520
762;Inspiron NTB;INSPIRON NOTEBOOKS;NOTEBOOK;INSPIRON NOTEBOOKS;INSPIRON M5040
763;Inspiron DT;INSPIRON DESKTOPS;MT;INSPIRON DESKTOPS;INSPIRON 3647
764;Vos DT;VOSTRO DESKTOPS;BLACK BULLET MT;VOSTRO DESKTOPS;VOSTRO 200
765;Inspiron NTB;INSPIRON NOTEBOOKS;MT;INSPIRON NOTEBOOKS;INSPIRON 5508
766;Inspiron NTB;INSPIRON NOTEBOOKS;NOTEBOOK;INSPIRON NOTEBOOKS;INSPIRON 3421
767;Inspiron NTB;INSPIRON NOTEBOOKS;NOTEBOOK;INSPIRON NOTEBOOKS;INSPIRON 3531
768;Inspiron NTB;INSPIRON NOTEBOOKS;NOTEBOOK;INSPIRON NOTEBOOKS;INSPIRON 9300
769;Inspiron NTB;INSPIRON NOTEBOOKS;NONE;INSPIRON NOTEBOOKS;INSPIRON 3501
770;Vos DT;VOSTRO DESKTOPS;MT;VOSTRO DESKTOPS;VOSTRO 5090
771;Vos DT;VOSTRO DESKTOPS;MT;VOSTRO DESKTOPS;VOSTRO 3262
772;Inspiron NTB;INSPIRON NOTEBOOKS;NOTEBOOK;INSPIRON NOTEBOOKS;INSPIRON 3541
773;Inspiron NTB;INSPIRON NOTEBOOKS;NOTEBOOK;INSPIRON NOTEBOOKS;INSPIRON 5370
774;Alien DT;ALIENWARE DESKTOPS;NONE;ALIENWARE DESKTOPS;ASM100R2
775;Vos DT;VOSTRO DESKTOPS;NONE;VOSTRO DESKTOPS;VOSTRO 5890
776;Vos NB;VOSTRO NOTEBOOKS;MT;VOSTRO NOTEBOOKS;VOSTRO 3565
777;Alien NB;ALIENWARE NOTEBOOKS;NOTEBOOK;ALIENWARE NOTEBOOKS;ALIENWARE M14XR2
778;Vos NB;VOSTRO NOTEBOOKS;MT;VOSTRO NOTEBOOKS;VOSTRO 2421
779;Inspiron NTB;INSPIRON NOTEBOOKS;MT;INSPIRON NOTEBOOKS;INSPIRON 7390 2N1
780;Alien DT;ALIENWARE DESKTOPS;MT;ALIENWARE DESKTOPS;ALIENWARE AURORA R12
781;XPS DT;XPS DESKTOPS;TANK UP;XPS DESKTOPS;DIMENSION 9200/XPS 410
782;XPS DT;XPS DESKTOPS;RIOS;XPS DESKTOPS;STUDIO XPS 9100
783;Inspiron DT;INSPIRON DESKTOPS;MT;INSPIRON DESKTOPS;INSPIRON ONE 2310
784;Vos NB;VOSTRO NOTEBOOKS;MT;VOSTRO NOTEBOOKS;VOSTRO 5501
785;XPS NB;XPS NOTEBOOKS;NOTEBOOK;XPS NOTEBOOKS;XPS 13 9365
786;Inspiron NTB;INSPIRON NOTEBOOKS;NOTEBOOK;INSPIRON NOTEBOOKS;INSPIRON N4120
787;Inspiron NTB;INSPIRON NOTEBOOKS;NOTEBOOK;INSPIRON NOTEBOOKS;INSPIRON 14-5459
788;Inspiron NTB;INSPIRON NOTEBOOKS;NOTEBOOK;INSPIRON NOTEBOOKS;INSPIRON 15-5565
789;Vos NB;VOSTRO NOTEBOOKS;MT;VOSTRO NOTEBOOKS;VOSTRO 5301
790;Vos NB;VOSTRO NOTEBOOKS;NOTEBOOK;VOSTRO NOTEBOOKS;VOSTRO A860
791;Inspiron NTB;INSPIRON NOTEBOOKS;MT;INSPIRON NOTEBOOKS;INSPIRON 14-3451
792;Inspiron DT;INSPIRON DESKTOPS;BULLET MT;INSPIRON DESKTOPS;INSPIRON D518
793;Inspiron NTB;INSPIRON NOTEBOOKS;NONE;INSPIRON NOTEBOOKS;INSPIRON 3790
794;Inspiron NTB;INSPIRON NOTEBOOKS;NOTEBOOK;INSPIRON NOTEBOOKS;INSPIRON 7557
795;Inspiron DT;INSPIRON DESKTOPS;BULLET MT E;INSPIRON DESKTOPS;INSPIRON D531
796;Vos NB;VOSTRO NOTEBOOKS;NOTEBOOK;VOSTRO NOTEBOOKS;VOSTRO 1200
797;Inspiron DT;INSPIRON DESKTOPS;SKYDIVE UT;INSPIRON DESKTOPS;DIMENSION 8400
798;Inspiron DT;INSPIRON DESKTOPS;AIO DT19;INSPIRON DESKTOPS;STUDIO ONE 19
799;Alien NB;ALIENWARE NOTEBOOKS;NONE;ALIENWARE NOTEBOOKS;ALIENWARE M15 R3
800;Inspiron NTB;INSPIRON NOTEBOOKS;NOTEBOOK;INSPIRON NOTEBOOKS;INSPIRON 1100
801;Vos NB;VOSTRO NOTEBOOKS;NOTEBOOK;VOSTRO NOTEBOOKS;VOSTRO 15-3578
802;Inspiron NTB;INSPIRON NOTEBOOKS;NOTEBOOK;INSPIRON NOTEBOOKS;INSPIRON 1764
803;Inspiron NTB;INSPIRON NOTEBOOKS;NOTEBOOK;INSPIRON NOTEBOOKS;INSPIRON 5421
804;Vos NB;VOSTRO NOTEBOOKS;NONE;VOSTRO NOTEBOOKS;VOSTRO 3580
805;Inspiron NTB;INSPIRON NOTEBOOKS;NOTEBOOK;INSPIRON NOTEBOOKS;INSPIRON 15-5552
806;Vos NB;VOSTRO NOTEBOOKS;NONE;VOSTRO NOTEBOOKS;VOSTRO 7500
807;Inspiron NTB;INSPIRON NOTEBOOKS;MT;INSPIRON NOTEBOOKS;INSPIRON 5577
808;Inspiron DT;INSPIRON DESKTOPS;TANK UP;INSPIRON DESKTOPS;DIMENSION 9100
809;Inspiron DT;INSPIRON DESKTOPS;MT;INSPIRON DESKTOPS;INSPIRON 3847
810;Inspiron NTB;INSPIRON NOTEBOOKS;MT;INSPIRON NOTEBOOKS;INSPIRON 15-3551
811;Inspiron NTB;INSPIRON NOTEBOOKS;NOTEBOOK;INSPIRON NOTEBOOKS;INSPIRON 1000
812;Inspiron DT;INSPIRON DESKTOPS;NONE;INSPIRON DESKTOPS;INSPIRON 24-3455
813;Inspiron NTB;INSPIRON NOTEBOOKS;MT;INSPIRON NOTEBOOKS;INSPIRON 15-3555
814;Inspiron NTB;INSPIRON NOTEBOOKS;NONE;INSPIRON NOTEBOOKS;INSPIRON 7400
815;Inspiron NTB;INSPIRON NOTEBOOKS;MT;INSPIRON NOTEBOOKS;INSPIRON 7586
816;Vos NB;VOSTRO NOTEBOOKS;NONE;VOSTRO NOTEBOOKS;VOSTRO 3590
817;Inspiron NTB;INSPIRON NOTEBOOKS;NOTEBOOK;INSPIRON NOTEBOOKS;INSPIRON 7380
818;Inspiron NTB;INSPIRON NOTEBOOKS;MT;INSPIRON NOTEBOOKS;INSPIRON 7405 2N1
819;Inspiron NTB;INSPIRON NOTEBOOKS;NOTEBOOK;INSPIRON NOTEBOOKS;STUDIO 1536
820;Alien NB;ALIENWARE NOTEBOOKS;MT;ALIENWARE NOTEBOOKS;ALIENWARE 17 51MR2
821;Inspiron NTB;INSPIRON NOTEBOOKS;NOTEBOOK;INSPIRON NOTEBOOKS;INSPIRON 9100
822;Vos DT;VOSTRO DESKTOPS;MNTW;VOSTRO DESKTOPS;VOSTRO 470
823;Inspiron NTB;INSPIRON NOTEBOOKS;NONE;INSPIRON NOTEBOOKS;INSPIRON 3195 2N1
824;XPS NB;XPS NOTEBOOKS;NOTEBOOK;XPS NOTEBOOKS;INSPIRON XPS
825;Inspiron NTB;INSPIRON NOTEBOOKS;NOTEBOOK;INSPIRON NOTEBOOKS;INSPIRON N7110
826;Inspiron NTB;INSPIRON NOTEBOOKS;NONE;INSPIRON NOTEBOOKS;INSPIRON 5582
827;Inspiron NTB;INSPIRON NOTEBOOKS;NOTEBOOK;INSPIRON NOTEBOOKS;INSPIRON M4010
828;Inspiron NTB;INSPIRON NOTEBOOKS;NONE;INSPIRON NOTEBOOKS;INSPIRON 3595
829;Vos NB;VOSTRO NOTEBOOKS;NOTEBOOK;VOSTRO NOTEBOOKS;VOSTRO 14-3445
830;Inspiron DT;INSPIRON DESKTOPS;MITAC MG MINI TOWER;INSPIRON DESKTOPS;DIMENSION 100
831;Inspiron DT;INSPIRON DESKTOPS;MT;INSPIRON DESKTOPS;INSPIRON 660
832;Inspiron NTB;INSPIRON NOTEBOOKS;NOTEBOOK;INSPIRON NOTEBOOKS;INSPIRON 1300/B130
833;Inspiron NTB;INSPIRON NOTEBOOKS;MT;INSPIRON NOTEBOOKS;INSPIRON 7501
834;Inspiron DT;INSPIRON DESKTOPS;THUN AIO;INSPIRON DESKTOPS;INSPIRON 5348
835;Inspiron NTB;INSPIRON NOTEBOOKS;NOTEBOOK;INSPIRON NOTEBOOKS;INSPIRON 1410
836;Inspiron DT;INSPIRON DESKTOPS;KLINGER M;INSPIRON DESKTOPS;DIMENSION XPS Z
837;Inspiron NTB;INSPIRON NOTEBOOKS;NONE;INSPIRON NOTEBOOKS;DELL G15 5511
838;Inspiron DT;INSPIRON DESKTOPS;MT;INSPIRON DESKTOPS;INSPIRON 24-3464
839;Inspiron DT;INSPIRON DESKTOPS;DAVINCI MG;INSPIRON DESKTOPS;DIMENSION 2100
840;Vos NB;VOSTRO NOTEBOOKS;NONE;VOSTRO NOTEBOOKS;VOSTRO 5402
841;Inspiron DT;INSPIRON DESKTOPS;BULLET MT;INSPIRON DESKTOPS;STUDIO D541
842;Vos DT;VOSTRO DESKTOPS;MT;VOSTRO DESKTOPS;VOSTRO 270
843;Alien NB;ALIENWARE NOTEBOOKS;NONE;ALIENWARE NOTEBOOKS;ALIENWARE AREA-51M
844;Vos DT;VOSTRO DESKTOPS;MT;VOSTRO DESKTOPS;VOSTRO 20 3015
845;XPS NB;XPS NOTEBOOKS;NOTEBOOK;XPS NOTEBOOKS;ALIENWARE M17XR3
846;Inspiron NTB;INSPIRON NOTEBOOKS;NOTEBOOK;INSPIRON NOTEBOOKS;STUDIO 1736
847;Inspiron DT;INSPIRON DESKTOPS;CASPIAN AIO;INSPIRON DESKTOPS;INSPIRON 3048
848;Inspiron DT;INSPIRON DESKTOPS;KILLERBEE;INSPIRON DESKTOPS;DIMENSION 2300C
849;Inspiron NTB;INSPIRON NOTEBOOKS;NOTEBOOK;INSPIRON NOTEBOOKS;DELL G7 7588
850;Inspiron NTB;INSPIRON NOTEBOOKS;NONE;INSPIRON NOTEBOOKS;INSPIRON 3481
851;Vos DT;VOSTRO DESKTOPS;MT;VOSTRO DESKTOPS;VOSTRO 20 3055
852;Inspiron DT;INSPIRON DESKTOPS;NONE;INSPIRON DESKTOPS;INSPIRON 3655
853;Inspiron NTB;INSPIRON NOTEBOOKS;NOTEBOOK;INSPIRON NOTEBOOKS;INSPIRON 5442
854;Vos NB;VOSTRO NOTEBOOKS;NOTEBOOK;VOSTRO NOTEBOOKS;VOSTRO 14+ 1400
855;Vos NB;VOSTRO NOTEBOOKS;NOTEBOOK;VOSTRO NOTEBOOKS;VOSTRO 14 3458
856;Inspiron DT;INSPIRON DESKTOPS;USFF8;INSPIRON DESKTOPS;STUDIO HYBRID D140G
857;Inspiron NTB;INSPIRON NOTEBOOKS;NONE;INSPIRON NOTEBOOKS;INSPIRON 5310
858;XPS DT;XPS DESKTOPS;AIO MT24;XPS DESKTOPS;XPS ONE (PRODUCT) RED
859;Vos NB;VOSTRO NOTEBOOKS;NOTEBOOK;VOSTRO NOTEBOOKS;VOSTRO 15 3561
860;Alien NB;ALIENWARE NOTEBOOKS;MT;ALIENWARE NOTEBOOKS;ALIENWARE 18
861;Inspiron NTB;INSPIRON NOTEBOOKS;NOTEBOOK;INSPIRON NOTEBOOKS;INSPIRON 3420
862;Vos DT;VOSTRO DESKTOPS;MT;VOSTRO DESKTOPS;VOSTRO 20 3052
863;Inspiron NTB;INSPIRON NOTEBOOKS;NOTEBOOK;INSPIRON NOTEBOOKS;INSPIRON 5150
864;XPS DT;XPS DESKTOPS;MT;XPS DESKTOPS;XPS 8300
865;Inspiron NTB;INSPIRON NOTEBOOKS;NONE;INSPIRON NOTEBOOKS;INSPIRON 3584
866;Inspiron NTB;INSPIRON NOTEBOOKS;MT;INSPIRON NOTEBOOKS;INSPIRON 14-5468
867;Inspiron NTB;INSPIRON NOTEBOOKS;NOTEBOOK;INSPIRON NOTEBOOKS;INSPIRON N4030
868;Inspiron NTB;INSPIRON NOTEBOOKS;MT;INSPIRON NOTEBOOKS;INSPIRON 7306 2N1
869;Inspiron NTB;INSPIRON NOTEBOOKS;MT;INSPIRON NOTEBOOKS;INSPIRON 5498
870;Alien NB;ALIENWARE NOTEBOOKS;MT;ALIENWARE NOTEBOOKS;ALIENWARE 14
871;Inspiron NTB;INSPIRON NOTEBOOKS;NONE;INSPIRON NOTEBOOKS;INSPIRON 5300
872;Inspiron NTB;INSPIRON NOTEBOOKS;NOTEBOOK;INSPIRON NOTEBOOKS;INSPIRON 5447
873;Inspiron DT;INSPIRON DESKTOPS;TRAVIS AIO;INSPIRON DESKTOPS;INSPIRON 3045
874;Vos NB;VOSTRO NOTEBOOKS;NOTEBOOK;VOSTRO NOTEBOOKS;VOSTRO 7570
875;Inspiron NTB;INSPIRON NOTEBOOKS;NOTEBOOK;INSPIRON NOTEBOOKS;INSPIRON 3135
876;Inspiron DT;INSPIRON DESKTOPS;MT;INSPIRON DESKTOPS;INSPIRON 3290
877;Alien DT;ALIENWARE DESKTOPS;MT;ALIENWARE DESKTOPS;ALIENWARE AURORA RYZEN R10
878;Inspiron NTB;INSPIRON NOTEBOOKS;NOTEBOOK;INSPIRON NOTEBOOKS;INSPIRON 7500 EOL
879;Vos DT;VOSTRO DESKTOPS;TAI LAKE;VOSTRO DESKTOPS;VOSTRO A180
880;Inspiron NTB;INSPIRON NOTEBOOKS;NOTEBOOK;INSPIRON NOTEBOOKS;INSPIRON 17-5759
881;Inspiron DT;INSPIRON DESKTOPS;JAZZ SDT;INSPIRON DESKTOPS;DIMENSION 2100
882;Inspiron NTB;INSPIRON NOTEBOOKS;NOTEBOOK;INSPIRON NOTEBOOKS;INSPIRON 7580
883;Inspiron NTB;INSPIRON NOTEBOOKS;MT;INSPIRON NOTEBOOKS;INSPIRON 7547
884;Inspiron NTB;INSPIRON NOTEBOOKS;NOTEBOOK;INSPIRON NOTEBOOKS;INSPIRON 3537
885;Vos NB;VOSTRO NOTEBOOKS;NOTEBOOK;VOSTRO NOTEBOOKS;VOSTRO 500
886;Inspiron NTB;INSPIRON NOTEBOOKS;NONE;INSPIRON NOTEBOOKS;INSPIRON 5510
887;Inspiron DT;INSPIRON DESKTOPS;BULLET MT;INSPIRON DESKTOPS;INSPIRON D530
888;Vos NB;VOSTRO NOTEBOOKS;NOTEBOOK;VOSTRO NOTEBOOKS;VOSTRO 3555
889;Alien DT;ALIENWARE DESKTOPS;MT;ALIENWARE DESKTOPS;ALIENWARE AURORA R5
890;XPS NB;XPS NOTEBOOKS;NOTEBOOK;XPS NOTEBOOKS;XPS 15Z
891;Inspiron NTB;INSPIRON NOTEBOOKS;NOTEBOOK;INSPIRON NOTEBOOKS;INSPIRON 1427
892;Inspiron DT;INSPIRON DESKTOPS;MITAC MINI TOWER;INSPIRON DESKTOPS;DIMENSION 2400
893;Inspiron DT;INSPIRON DESKTOPS;MT;INSPIRON DESKTOPS;INSPIRON 2330
894;Vos NB;VOSTRO NOTEBOOKS;NOTEBOOK;VOSTRO NOTEBOOKS;VOSTRO 1710
895;Inspiron DT;INSPIRON DESKTOPS;NONE;INSPIRON DESKTOPS;INSPIRON 24-5488
896;Inspiron NTB;INSPIRON NOTEBOOKS;NOTEBOOK;INSPIRON NOTEBOOKS;INSPIRON 5391
897;Vos NB;VOSTRO NOTEBOOKS;NONE;VOSTRO NOTEBOOKS;VOSTRO 3400
898;Inspiron NTB;INSPIRON NOTEBOOKS;MT;INSPIRON NOTEBOOKS;STUDIO 1749
899;Inspiron DT;INSPIRON DESKTOPS;MITAC MG MINI TOWER;INSPIRON DESKTOPS;DIMENSION SMART PC 200
900;Inspiron DT;INSPIRON DESKTOPS;MITAC MINI TOWER;INSPIRON DESKTOPS;DIMENSION 2350
901;Vos NB;VOSTRO NOTEBOOKS;NOTEBOOK;VOSTRO NOTEBOOKS;VOSTRO 3455
902;Vos DT;VOSTRO DESKTOPS;TAI LAKE;VOSTRO DESKTOPS;VOSTRO A100
903;Inspiron NTB;INSPIRON NOTEBOOKS;NONE;INSPIRON NOTEBOOKS;INSPIRON 3781
904;Vos NB;VOSTRO NOTEBOOKS;NOTEBOOK;VOSTRO NOTEBOOKS;VOSTRO 3450
905;Inspiron NTB;INSPIRON NOTEBOOKS;NOTEBOOK;INSPIRON NOTEBOOKS;INSPIRON 8500
906;Inspiron NTB;INSPIRON NOTEBOOKS;NONE;INSPIRON NOTEBOOKS;INSPIRON 5490 2N1
907;Inspiron DT;INSPIRON DESKTOPS;NEO MT;INSPIRON DESKTOPS;DIMENSION C521
908;Inspiron NTB;INSPIRON NOTEBOOKS;NOTEBOOK;INSPIRON NOTEBOOKS;INSPIRON 2500
909;Inspiron NTB;INSPIRON NOTEBOOKS;NOTEBOOK;INSPIRON NOTEBOOKS;INSPIRON 9400/E1705
910;Inspiron DT;INSPIRON DESKTOPS;NONE;INSPIRON DESKTOPS;INSPIRON 20-3059
911;Vos DT;VOSTRO DESKTOPS;MT;VOSTRO DESKTOPS;VOSTRO 3070
912;XPS NB;XPS NOTEBOOKS;NOTEBOOK;XPS NOTEBOOKS;STUDIO XPS 1647
913;Vos NB;VOSTRO NOTEBOOKS;NOTEBOOK;VOSTRO NOTEBOOKS;VOSTRO V130
914;XPS NB;XPS NOTEBOOKS;NOTEBOOK;XPS NOTEBOOKS;STUDIO XPS M1640
915;Inspiron NTB;INSPIRON NOTEBOOKS;NOTEBOOK;INSPIRON NOTEBOOKS;INSPIRON 1428
916;Inspiron NTB;INSPIRON NOTEBOOKS;NOTEBOOK;INSPIRON NOTEBOOKS;INSPIRON 5543
917;Inspiron NTB;INSPIRON NOTEBOOKS;MT;INSPIRON NOTEBOOKS;INSPIRON 5576
918;Inspiron NTB;INSPIRON NOTEBOOKS;NOTEBOOK;INSPIRON NOTEBOOKS;INSPIRON M5030
919;XPS DT;XPS DESKTOPS;AIO MT24;XPS DESKTOPS;XPS ONE
920;Vos DT;VOSTRO DESKTOPS;MT;VOSTRO DESKTOPS;VOSTRO 3660
921;Inspiron NTB;INSPIRON NOTEBOOKS;MT;INSPIRON NOTEBOOKS;INSPIRON 7706 2N1
922;Inspiron NTB;INSPIRON NOTEBOOKS;MT;INSPIRON NOTEBOOKS;INSPIRON 5735
923;Vos NB;VOSTRO NOTEBOOKS;NOTEBOOK;VOSTRO NOTEBOOKS;VOSTRO 15-3572
924;Inspiron NTB;INSPIRON NOTEBOOKS;NOTEBOOK;INSPIRON NOTEBOOKS;INSPIRON 14-3473
925;Inspiron NTB;INSPIRON NOTEBOOKS;MT;INSPIRON NOTEBOOKS;INSPIRON 11-3163
926;Inspiron DT;INSPIRON DESKTOPS;JAZZ-DIMENSION USB 2.0;INSPIRON DESKTOPS;DIMENSION 4500S
927;Inspiron DT;INSPIRON DESKTOPS;MT;INSPIRON DESKTOPS;INSPIRON 5400 AIO
928;Inspiron NTB;INSPIRON NOTEBOOKS;NONE;INSPIRON NOTEBOOKS;INSPIRON 3583
929;Inspiron NTB;INSPIRON NOTEBOOKS;NOTEBOOK;INSPIRON NOTEBOOKS;INSPIRON 7391
930;Inspiron NTB;INSPIRON NOTEBOOKS;NONE;INSPIRON NOTEBOOKS;INSPIRON 5409
931;Vos NB;VOSTRO NOTEBOOKS;MT;VOSTRO NOTEBOOKS;VOSTRO 15-3562
932;Vos DT;VOSTRO DESKTOPS;SLIM;VOSTRO DESKTOPS;VOSTRO 230
933;Vos NB;VOSTRO NOTEBOOKS;NONE;VOSTRO NOTEBOOKS;VOSTRO 5300
934;Inspiron NTB;INSPIRON NOTEBOOKS;MT;INSPIRON NOTEBOOKS;INSPIRON 5590
935;Vos DT;VOSTRO DESKTOPS;MT;VOSTRO DESKTOPS;VOSTRO 3267
936;Inspiron NTB;INSPIRON NOTEBOOKS;NOTEBOOK;INSPIRON NOTEBOOKS;INSPIRON 7720
937;Vos NB;VOSTRO NOTEBOOKS;NOTEBOOK;VOSTRO NOTEBOOKS;VOSTRO 17+ 1700
938;Inspiron DT;INSPIRON DESKTOPS;MT;INSPIRON DESKTOPS;INSPIRON 22-3275
939;Vos NB;VOSTRO NOTEBOOKS;NONE;VOSTRO NOTEBOOKS;VOSTRO 5410
940;Inspiron NTB;INSPIRON NOTEBOOKS;MT;INSPIRON NOTEBOOKS;INSPIRON 14-3468
941;XPS DT;XPS DESKTOPS;KLINGER M;XPS DESKTOPS;DIMENSION XPS
942;Inspiron NTB;INSPIRON NOTEBOOKS;NOTEBOOK;INSPIRON NOTEBOOKS;INSPIRON 3700
943;Inspiron DT;INSPIRON DESKTOPS;MINI TOWER;INSPIRON DESKTOPS;INSPIRON 660
944;Inspiron DT;INSPIRON DESKTOPS;BULLET ST;INSPIRON DESKTOPS;INSPIRON D531S
945;Inspiron NTB;INSPIRON NOTEBOOKS;NOTEBOOK;INSPIRON NOTEBOOKS;INSPIRON 3157
946;Inspiron NTB;INSPIRON NOTEBOOKS;NOTEBOOK;INSPIRON NOTEBOOKS;INSPIRON 3800
947;Inspiron NTB;INSPIRON NOTEBOOKS;NONE;INSPIRON NOTEBOOKS;INSPIRON 1000 POC
948;Inspiron NTB;INSPIRON NOTEBOOKS;NOTEBOOK;INSPIRON NOTEBOOKS;DELL G7 7700
949;Inspiron NTB;INSPIRON NOTEBOOKS;NOTEBOOK;INSPIRON NOTEBOOKS;STUDIO 1440
950;Inspiron NTB;INSPIRON NOTEBOOKS;NOTEBOOK;INSPIRON NOTEBOOKS;INSPIRON 5547
951;Inspiron NTB;INSPIRON NOTEBOOKS;NONE;INSPIRON NOTEBOOKS;INSPIRON 3502
952;Inspiron NTB;INSPIRON NOTEBOOKS;NOTEBOOK;INSPIRON NOTEBOOKS;INSPIRON 5525
953;Inspiron NTB;INSPIRON NOTEBOOKS;NOTEBOOK;INSPIRON NOTEBOOKS;INSPIRON 5379
954;Inspiron DT;INSPIRON DESKTOPS;WEBSTER DVD;INSPIRON DESKTOPS;WEB PRODUCTS
955;Inspiron NTB;INSPIRON NOTEBOOKS;NOTEBOOK;INSPIRON NOTEBOOKS;STUDIO 1458
956;Inspiron NTB;INSPIRON NOTEBOOKS;MT;INSPIRON NOTEBOOKS;INSPIRON 5482
957;Alien NB;ALIENWARE NOTEBOOKS;MT;ALIENWARE NOTEBOOKS;ALIENWARE M17XR4
958;Vos NB;VOSTRO NOTEBOOKS;NOTEBOOK;VOSTRO NOTEBOOKS;VOSTRO 2520
959;XPS DT;XPS DESKTOPS;MT;XPS DESKTOPS;XPS 8950
960;Vos NB;VOSTRO NOTEBOOKS;NOTEBOOK;VOSTRO NOTEBOOKS;VOSTRO 14-3478
961;Inspiron NTB;INSPIRON NOTEBOOKS;NOTEBOOK;INSPIRON NOTEBOOKS;INSPIRON 17-5765
962;XPS DT;XPS DESKTOPS;DRUID;XPS DESKTOPS;XPS 625
963;Inspiron NTB;INSPIRON NOTEBOOKS;NOTEBOOK;INSPIRON NOTEBOOKS;INSPIRONZ N311Z
964;Alien NB;ALIENWARE NOTEBOOKS;ALIENWARE 13;ALIENWARE NOTEBOOKS;ALIENWARE 13
965;Inspiron NTB;INSPIRON NOTEBOOKS;NONE;INSPIRON NOTEBOOKS;INSPIRON 5502
966;Vos NB;VOSTRO NOTEBOOKS;NOTEBOOK;VOSTRO NOTEBOOKS;VOSTRO 14 3459
967;Vos NB;VOSTRO NOTEBOOKS;NOTEBOOK;VOSTRO NOTEBOOKS;VOSTRO 15 3558
968;Inspiron NTB;INSPIRON NOTEBOOKS;NOTEBOOK;INSPIRON NOTEBOOKS;INSPIRON 5448
969;Inspiron NTB;INSPIRON NOTEBOOKS;MT;INSPIRON NOTEBOOKS;INSPIRON 14-3452
970;Inspiron NTB;INSPIRON NOTEBOOKS;NOTEBOOK;INSPIRON NOTEBOOKS;INSPIRON 7460
971;Inspiron NTB;INSPIRON NOTEBOOKS;NOTEBOOK;INSPIRON NOTEBOOKS;INSPIRON N5020
972;Alien NB;ALIENWARE NOTEBOOKS;NONE;ALIENWARE NOTEBOOKS;ALIENWARE 17 R4
973;Inspiron NTB;INSPIRON NOTEBOOKS;NOTEBOOK;INSPIRON NOTEBOOKS;DELL G5 5590
974;XPS DT;XPS DESKTOPS;MT;XPS DESKTOPS;XPS 8920
975;Vos DT;VOSTRO DESKTOPS;MT;VOSTRO DESKTOPS;CHENG MING 3967
976;XPS DT;XPS DESKTOPS;CYPHER SF;XPS DESKTOPS;DIMENSION 5150C/XPS 200
977;Vos DT;VOSTRO DESKTOPS;SUPERIOR MT;VOSTRO DESKTOPS;VOSTRO 3901
978;Inspiron NTB;INSPIRON NOTEBOOKS;NOTEBOOK;INSPIRON NOTEBOOKS;INSPIRON 7568
979;Inspiron NTB;INSPIRON NOTEBOOKS;MT;INSPIRON NOTEBOOKS;STUDIO 1558
980;Inspiron NTB;INSPIRON NOTEBOOKS;MT;INSPIRON NOTEBOOKS;INSPIRON 15-3558
981;Inspiron NTB;INSPIRON NOTEBOOKS;NOTEBOOK;INSPIRON NOTEBOOKS;INSPIRON 4000
982;Inspiron DT;INSPIRON DESKTOPS;MT;INSPIRON DESKTOPS;STUDIO 7100
983;Inspiron NTB;INSPIRON NOTEBOOKS;NOTEBOOK;INSPIRON NOTEBOOKS;INSPIRON 17-5758
984;Inspiron DT;INSPIRON DESKTOPS;NONE;INSPIRON DESKTOPS;INSPIRON 3891
985;XPS DT;XPS DESKTOPS;MT;XPS DESKTOPS;XPS 8200
986;XPS DT;XPS DESKTOPS;MT;XPS DESKTOPS;XPS ONE 2710
987;Vos NB;VOSTRO NOTEBOOKS;NONE;VOSTRO NOTEBOOKS;VOSTRO 5594
988;Inspiron DT;INSPIRON DESKTOPS;GENEVA;INSPIRON DESKTOPS;INSPIRON 546S
989;Inspiron DT;INSPIRON DESKTOPS;MT;INSPIRON DESKTOPS;INSPIRON 5490 AIO
990;Inspiron DT;INSPIRON DESKTOPS;MT;INSPIRON DESKTOPS;INSPIRON 5401 AIO
991;Inspiron DT;INSPIRON DESKTOPS;MT;INSPIRON DESKTOPS;INSPIRON 24-3477
992;XPS DT;XPS DESKTOPS;MT;XPS DESKTOPS;XPS 8910
993;Vos NB;VOSTRO NOTEBOOKS;NONE;VOSTRO NOTEBOOKS;VOSTRO 3480
994;Inspiron NTB;INSPIRON NOTEBOOKS;NOTEBOOK;INSPIRON NOTEBOOKS;INSPIRON 5160
995;Inspiron DT;INSPIRON DESKTOPS;MT;INSPIRON DESKTOPS;INSPIRON 24-3475
996;HHelds/MP3;MOBILE ELECTRONICS;NONE;MOBILE ELECTRONICS;VENUE TOUCH 4300
997;Inspiron NTB;INSPIRON NOTEBOOKS;NOTEBOOK;INSPIRON NOTEBOOKS;INSPIRON 5721
998;Inspiron NTB;INSPIRON NOTEBOOKS;NOTEBOOK;INSPIRON NOTEBOOKS;INSPIRON 7353
999;Vos DT;VOSTRO DESKTOPS;MT;VOSTRO DESKTOPS;VOSTRO 3888
1000;Inspiron NTB;INSPIRON NOTEBOOKS;NOTEBOOK;INSPIRON NOTEBOOKS;INSPIRON 1564
1001;Inspiron NTB;INSPIRON NOTEBOOKS;NOTEBOOK;INSPIRON NOTEBOOKS;INSPIRON N301Z
1002;XPS DT;XPS DESKTOPS;PHOBOS;XPS DESKTOPS;ALIENWARE AREA51
